{
"type": "FeatureCollection",
"name": "xian_final_grid_analysis",
"crs": { "type": "name", "properties": { "name": "urn:ogc:def:crs:EPSG::32649" } },
"features": [
{ "type": "Feature", "properties": { "grid_id": 388, "area_km2": 0.25, "distance_to_bell_m": 4945.3991797043391, "distance_to_bell_km": 4.9453991797043395, "final_grid_id": 388.0, "poi_total": 219.0, "final_grid_id_cat": 388.0, "catering": 80.0, "life_service": 26.0, "shopping": 113.0, "poi_density": 876.0, "road_length_m": 3718.1426568728043, "road_density_km_per_km2": 14.872570627491218, "intersection_count": 7.0, "mean_intersection_degree": 3.0, "intersection_density_n_per_km2": 28.0, "model_fitted": 434.00888627771121, "model_residual": 441.99111372228879 }, "geometry": { "type": "Polygon", "coordinates": [ [ [ 312673.0, 3788425.0 ], [ 312673.0, 3788925.0 ], [ 313173.0, 3788925.0 ], [ 313173.0, 3788425.0 ], [ 312673.0, 3788425.0 ] ] ] } },
{ "type": "Feature", "properties": { "grid_id": 390, "area_km2": 0.25, "distance_to_bell_m": 4795.2478315653188, "distance_to_bell_km": 4.7952478315653186, "final_grid_id": 390.0, "poi_total": 101.0, "final_grid_id_cat": 390.0, "catering": 29.0, "life_service": 29.0, "shopping": 43.0, "poi_density": 404.0, "road_length_m": 3179.6475551169551, "road_density_km_per_km2": 12.718590220467821, "intersection_count": 9.0, "mean_intersection_degree": 3.7777777777777777, "intersection_density_n_per_km2": 36.0, "model_fitted": 550.55641119243865, "model_residual": -146.55641119243865 }, "geometry": { "type": "Polygon", "coordinates": [ [ [ 313173.0, 3788925.0 ], [ 313173.0, 3789425.0 ], [ 313673.0, 3789425.0 ], [ 313673.0, 3788925.0 ], [ 313173.0, 3788925.0 ] ] ] } },
{ "type": "Feature", "properties": { "grid_id": 391, "area_km2": 0.25, "distance_to_bell_m": 4513.2323169334704, "distance_to_bell_km": 4.51323231693347, "final_grid_id": 391.0, "poi_total": 197.0, "final_grid_id_cat": 391.0, "catering": 78.0, "life_service": 50.0, "shopping": 69.0, "poi_density": 788.0, "road_length_m": 6938.4577507004042, "road_density_km_per_km2": 27.753831002801618, "intersection_count": 20.0, "mean_intersection_degree": 3.6, "intersection_density_n_per_km2": 80.0, "model_fitted": 570.2440951794614, "model_residual": 217.7559048205386 }, "geometry": { "type": "Polygon", "coordinates": [ [ [ 312673.0, 3788925.0 ], [ 312673.0, 3789425.0 ], [ 313173.0, 3789425.0 ], [ 313173.0, 3788925.0 ], [ 312673.0, 3788925.0 ] ] ] } },
{ "type": "Feature", "properties": { "grid_id": 392, "area_km2": 0.25, "distance_to_bell_m": 4096.5300983399329, "distance_to_bell_km": 4.0965300983399331, "final_grid_id": 392.0, "poi_total": 85.0, "final_grid_id_cat": 392.0, "catering": 24.0, "life_service": 23.0, "shopping": 38.0, "poi_density": 340.0, "road_length_m": 3952.1403424573468, "road_density_km_per_km2": 15.808561369829388, "intersection_count": 7.0, "mean_intersection_degree": 3.4285714285714284, "intersection_density_n_per_km2": 28.0, "model_fitted": 610.4284369038171, "model_residual": -270.4284369038171 }, "geometry": { "type": "Polygon", "coordinates": [ [ [ 312673.0, 3789425.0 ], [ 312673.0, 3789925.0 ], [ 313173.0, 3789925.0 ], [ 313173.0, 3789425.0 ], [ 312673.0, 3789425.0 ] ] ] } },
{ "type": "Feature", "properties": { "grid_id": 393, "area_km2": 0.25, "distance_to_bell_m": 4405.3030163797148, "distance_to_bell_km": 4.4053030163797144, "final_grid_id": 393.0, "poi_total": 121.0, "final_grid_id_cat": 393.0, "catering": 40.0, "life_service": 41.0, "shopping": 40.0, "poi_density": 484.0, "road_length_m": 1447.0417900234841, "road_density_km_per_km2": 5.7881671600939359, "intersection_count": 6.0, "mean_intersection_degree": 3.8333333333333335, "intersection_density_n_per_km2": 24.0, "model_fitted": 614.41764695961183, "model_residual": -130.41764695961183 }, "geometry": { "type": "Polygon", "coordinates": [ [ [ 313173.0, 3789425.0 ], [ 313173.0, 3789925.0 ], [ 313673.0, 3789925.0 ], [ 313673.0, 3789425.0 ], [ 313173.0, 3789425.0 ] ] ] } },
{ "type": "Feature", "properties": { "grid_id": 394, "area_km2": 0.25, "distance_to_bell_m": 4746.7705322296169, "distance_to_bell_km": 4.7467705322296165, "final_grid_id": 394.0, "poi_total": 47.0, "final_grid_id_cat": 394.0, "catering": 8.0, "life_service": 17.0, "shopping": 22.0, "poi_density": 188.0, "road_length_m": 1106.6012884472491, "road_density_km_per_km2": 4.4264051537889966, "intersection_count": 2.0, "mean_intersection_degree": 3.5, "intersection_density_n_per_km2": 8.0, "model_fitted": 523.8851625163245, "model_residual": -335.8851625163245 }, "geometry": { "type": "Polygon", "coordinates": [ [ [ 313673.0, 3789425.0 ], [ 313673.0, 3789925.0 ], [ 314173.0, 3789925.0 ], [ 314173.0, 3789425.0 ], [ 313673.0, 3789425.0 ] ] ] } },
{ "type": "Feature", "properties": { "grid_id": 395, "area_km2": 0.25, "distance_to_bell_m": 3700.5204696903511, "distance_to_bell_km": 3.7005204696903511, "final_grid_id": 395.0, "poi_total": 104.0, "final_grid_id_cat": 395.0, "catering": 41.0, "life_service": 29.0, "shopping": 34.0, "poi_density": 416.0, "road_length_m": 7945.3560509663257, "road_density_km_per_km2": 31.781424203865303, "intersection_count": 35.0, "mean_intersection_degree": 3.1142857142857143, "intersection_density_n_per_km2": 140.0, "model_fitted": 630.21457290550086, "model_residual": -214.21457290550086 }, "geometry": { "type": "Polygon", "coordinates": [ [ [ 312673.0, 3789925.0 ], [ 312673.0, 3790425.0 ], [ 313173.0, 3790425.0 ], [ 313173.0, 3789925.0 ], [ 312673.0, 3789925.0 ] ] ] } },
{ "type": "Feature", "properties": { "grid_id": 402, "area_km2": 0.25, "distance_to_bell_m": 4803.0468668497278, "distance_to_bell_km": 4.8030468668497281, "final_grid_id": 402.0, "poi_total": 124.0, "final_grid_id_cat": 402.0, "catering": 44.0, "life_service": 42.0, "shopping": 38.0, "poi_density": 496.0, "road_length_m": 2251.1913107825267, "road_density_km_per_km2": 9.0047652431301071, "intersection_count": 4.0, "mean_intersection_degree": 4.0, "intersection_density_n_per_km2": 16.0, "model_fitted": 576.43081604787938, "model_residual": -80.430816047879375 }, "geometry": { "type": "Polygon", "coordinates": [ [ [ 314173.0, 3789925.0 ], [ 314173.0, 3790425.0 ], [ 314673.0, 3790425.0 ], [ 314673.0, 3789925.0 ], [ 314173.0, 3789925.0 ] ] ] } },
{ "type": "Feature", "properties": { "grid_id": 416, "area_km2": 0.25, "distance_to_bell_m": 4039.6766660360981, "distance_to_bell_km": 4.0396766660360983, "final_grid_id": 416.0, "poi_total": 378.0, "final_grid_id_cat": 416.0, "catering": 134.0, "life_service": 96.0, "shopping": 148.0, "poi_density": 1512.0, "road_length_m": 4353.1356457370566, "road_density_km_per_km2": 17.412542582948227, "intersection_count": 16.0, "mean_intersection_degree": 3.4375, "intersection_density_n_per_km2": 64.0, "model_fitted": 619.84006186893009, "model_residual": 892.15993813106991 }, "geometry": { "type": "Polygon", "coordinates": [ [ [ 313173.0, 3789925.0 ], [ 313173.0, 3790425.0 ], [ 313673.0, 3790425.0 ], [ 313673.0, 3789925.0 ], [ 313173.0, 3789925.0 ] ] ] } },
{ "type": "Feature", "properties": { "grid_id": 417, "area_km2": 0.25, "distance_to_bell_m": 4409.5491136436794, "distance_to_bell_km": 4.4095491136436795, "final_grid_id": 417.0, "poi_total": 88.0, "final_grid_id_cat": 417.0, "catering": 22.0, "life_service": 36.0, "shopping": 30.0, "poi_density": 352.0, "road_length_m": 4197.6602481411055, "road_density_km_per_km2": 16.790640992564423, "intersection_count": 6.0, "mean_intersection_degree": 3.3333333333333335, "intersection_density_n_per_km2": 24.0, "model_fitted": 553.00853359525729, "model_residual": -201.00853359525729 }, "geometry": { "type": "Polygon", "coordinates": [ [ [ 313673.0, 3789925.0 ], [ 313673.0, 3790425.0 ], [ 314173.0, 3790425.0 ], [ 314173.0, 3789925.0 ], [ 313673.0, 3789925.0 ] ] ] } },
{ "type": "Feature", "properties": { "grid_id": 418, "area_km2": 0.25, "distance_to_bell_m": 3332.5882803895256, "distance_to_bell_km": 3.3325882803895257, "final_grid_id": 418.0, "poi_total": 22.0, "final_grid_id_cat": 418.0, "catering": 8.0, "life_service": 6.0, "shopping": 8.0, "poi_density": 88.0, "road_length_m": 3746.339278019087, "road_density_km_per_km2": 14.985357112076349, "intersection_count": 5.0, "mean_intersection_degree": 3.2, "intersection_density_n_per_km2": 20.0, "model_fitted": 694.518612017446, "model_residual": -606.518612017446 }, "geometry": { "type": "Polygon", "coordinates": [ [ [ 312673.0, 3790425.0 ], [ 312673.0, 3790925.0 ], [ 313173.0, 3790925.0 ], [ 313173.0, 3790425.0 ], [ 312673.0, 3790425.0 ] ] ] } },
{ "type": "Feature", "properties": { "grid_id": 419, "area_km2": 0.25, "distance_to_bell_m": 4105.6566205210183, "distance_to_bell_km": 4.1056566205210183, "final_grid_id": 419.0, "poi_total": 37.0, "final_grid_id_cat": 419.0, "catering": 6.0, "life_service": 13.0, "shopping": 18.0, "poi_density": 148.0, "road_length_m": 5547.3348921662982, "road_density_km_per_km2": 22.189339568665194, "intersection_count": 15.0, "mean_intersection_degree": 3.0666666666666669, "intersection_density_n_per_km2": 60.0, "model_fitted": 565.09345605878491, "model_residual": -417.09345605878491 }, "geometry": { "type": "Polygon", "coordinates": [ [ [ 313673.0, 3790425.0 ], [ 313673.0, 3790925.0 ], [ 314173.0, 3790925.0 ], [ 314173.0, 3790425.0 ], [ 313673.0, 3790425.0 ] ] ] } },
{ "type": "Feature", "properties": { "grid_id": 420, "area_km2": 0.25, "distance_to_bell_m": 3705.574242423007, "distance_to_bell_km": 3.7055742424230069, "final_grid_id": 420.0, "poi_total": 146.0, "final_grid_id_cat": 420.0, "catering": 50.0, "life_service": 48.0, "shopping": 48.0, "poi_density": 584.0, "road_length_m": 4886.3529142644529, "road_density_km_per_km2": 19.545411657057812, "intersection_count": 6.0, "mean_intersection_degree": 3.3333333333333335, "intersection_density_n_per_km2": 24.0, "model_fitted": 656.10506822089951, "model_residual": -72.105068220899511 }, "geometry": { "type": "Polygon", "coordinates": [ [ [ 313173.0, 3790425.0 ], [ 313173.0, 3790925.0 ], [ 313673.0, 3790925.0 ], [ 313673.0, 3790425.0 ], [ 313173.0, 3790425.0 ] ] ] } },
{ "type": "Feature", "properties": { "grid_id": 421, "area_km2": 0.25, "distance_to_bell_m": 3003.0713522295687, "distance_to_bell_km": 3.0030713522295689, "final_grid_id": 421.0, "poi_total": 280.0, "final_grid_id_cat": 421.0, "catering": 90.0, "life_service": 63.0, "shopping": 127.0, "poi_density": 1120.0, "road_length_m": 4305.6873137212988, "road_density_km_per_km2": 17.222749254885194, "intersection_count": 13.0, "mean_intersection_degree": 3.7692307692307692, "intersection_density_n_per_km2": 52.0, "model_fitted": 811.98006789257033, "model_residual": 308.01993210742967 }, "geometry": { "type": "Polygon", "coordinates": [ [ [ 312673.0, 3790925.0 ], [ 312673.0, 3791425.0 ], [ 313173.0, 3791425.0 ], [ 313173.0, 3790925.0 ], [ 312673.0, 3790925.0 ] ] ] } },
{ "type": "Feature", "properties": { "grid_id": 422, "area_km2": 0.25, "distance_to_bell_m": 3843.007830543725, "distance_to_bell_km": 3.843007830543725, "final_grid_id": 422.0, "poi_total": 36.0, "final_grid_id_cat": 422.0, "catering": 14.0, "life_service": 10.0, "shopping": 12.0, "poi_density": 144.0, "road_length_m": 2990.5083892727789, "road_density_km_per_km2": 11.962033557091116, "intersection_count": 5.0, "mean_intersection_degree": 3.0, "intersection_density_n_per_km2": 20.0, "model_fitted": 595.45318286556414, "model_residual": -451.45318286556414 }, "geometry": { "type": "Polygon", "coordinates": [ [ [ 313673.0, 3790925.0 ], [ 313673.0, 3791425.0 ], [ 314173.0, 3791425.0 ], [ 314173.0, 3790925.0 ], [ 313673.0, 3790925.0 ] ] ] } },
{ "type": "Feature", "properties": { "grid_id": 423, "area_km2": 0.25, "distance_to_bell_m": 3412.268067737522, "distance_to_bell_km": 3.4122680677375219, "final_grid_id": 423.0, "poi_total": 289.0, "final_grid_id_cat": 423.0, "catering": 98.0, "life_service": 88.0, "shopping": 103.0, "poi_density": 1156.0, "road_length_m": 2523.266587464158, "road_density_km_per_km2": 10.093066349856631, "intersection_count": 7.0, "mean_intersection_degree": 3.2857142857142856, "intersection_density_n_per_km2": 28.0, "model_fitted": 693.27024928099945, "model_residual": 462.72975071900055 }, "geometry": { "type": "Polygon", "coordinates": [ [ [ 313173.0, 3790925.0 ], [ 313173.0, 3791425.0 ], [ 313673.0, 3791425.0 ], [ 313673.0, 3790925.0 ], [ 313173.0, 3790925.0 ] ] ] } },
{ "type": "Feature", "properties": { "grid_id": 424, "area_km2": 0.25, "distance_to_bell_m": 2725.9366182239542, "distance_to_bell_km": 2.7259366182239542, "final_grid_id": 424.0, "poi_total": 103.0, "final_grid_id_cat": 424.0, "catering": 25.0, "life_service": 31.0, "shopping": 47.0, "poi_density": 412.0, "road_length_m": 5219.610075760319, "road_density_km_per_km2": 20.878440303041277, "intersection_count": 12.0, "mean_intersection_degree": 3.8333333333333335, "intersection_density_n_per_km2": 48.0, "model_fitted": 860.35945979220787, "model_residual": -448.35945979220787 }, "geometry": { "type": "Polygon", "coordinates": [ [ [ 312673.0, 3791425.0 ], [ 312673.0, 3791925.0 ], [ 313173.0, 3791925.0 ], [ 313173.0, 3791425.0 ], [ 312673.0, 3791425.0 ] ] ] } },
{ "type": "Feature", "properties": { "grid_id": 425, "area_km2": 0.25, "distance_to_bell_m": 3171.0985897782298, "distance_to_bell_km": 3.1710985897782296, "final_grid_id": 425.0, "poi_total": 178.0, "final_grid_id_cat": 425.0, "catering": 36.0, "life_service": 72.0, "shopping": 70.0, "poi_density": 712.0, "road_length_m": 4119.9121764007214, "road_density_km_per_km2": 16.479648705602884, "intersection_count": 7.0, "mean_intersection_degree": 3.2857142857142856, "intersection_density_n_per_km2": 28.0, "model_fitted": 728.58931882671391, "model_residual": -16.589318826713907 }, "geometry": { "type": "Polygon", "coordinates": [ [ [ 313173.0, 3791425.0 ], [ 313173.0, 3791925.0 ], [ 313673.0, 3791925.0 ], [ 313673.0, 3791425.0 ], [ 313173.0, 3791425.0 ] ] ] } },
{ "type": "Feature", "properties": { "grid_id": 428, "area_km2": 0.25, "distance_to_bell_m": 4960.512869116109, "distance_to_bell_km": 4.9605128691161093, "final_grid_id": 428.0, "poi_total": 52.0, "final_grid_id_cat": 428.0, "catering": 21.0, "life_service": 11.0, "shopping": 20.0, "poi_density": 208.0, "road_length_m": 1781.5733991662908, "road_density_km_per_km2": 7.126293596665163, "intersection_count": 5.0, "mean_intersection_degree": 3.4, "intersection_density_n_per_km2": 20.0, "model_fitted": 480.42531978855271, "model_residual": -272.42531978855271 }, "geometry": { "type": "Polygon", "coordinates": [ [ [ 314673.0, 3790425.0 ], [ 314673.0, 3790925.0 ], [ 315173.0, 3790925.0 ], [ 315173.0, 3790425.0 ], [ 314673.0, 3790425.0 ] ] ] } },
{ "type": "Feature", "properties": { "grid_id": 429, "area_km2": 0.25, "distance_to_bell_m": 4525.6548813566533, "distance_to_bell_km": 4.5256548813566528, "final_grid_id": 429.0, "poi_total": 87.0, "final_grid_id_cat": 429.0, "catering": 37.0, "life_service": 28.0, "shopping": 22.0, "poi_density": 348.0, "road_length_m": 7500.4369977129163, "road_density_km_per_km2": 30.001747990851666, "intersection_count": 22.0, "mean_intersection_degree": 3.4545454545454546, "intersection_density_n_per_km2": 88.0, "model_fitted": 550.74124976195924, "model_residual": -202.74124976195924 }, "geometry": { "type": "Polygon", "coordinates": [ [ [ 314173.0, 3790425.0 ], [ 314173.0, 3790925.0 ], [ 314673.0, 3790925.0 ], [ 314673.0, 3790425.0 ], [ 314173.0, 3790425.0 ] ] ] } },
{ "type": "Feature", "properties": { "grid_id": 432, "area_km2": 0.25, "distance_to_bell_m": 4745.4168230682171, "distance_to_bell_km": 4.7454168230682168, "final_grid_id": 432.0, "poi_total": 300.0, "final_grid_id_cat": 432.0, "catering": 158.0, "life_service": 78.0, "shopping": 64.0, "poi_density": 1200.0, "road_length_m": 8819.5156556324328, "road_density_km_per_km2": 35.278062622529731, "intersection_count": 27.0, "mean_intersection_degree": 3.074074074074074, "intersection_density_n_per_km2": 108.0, "model_fitted": 472.30165851042756, "model_residual": 727.69834148957239 }, "geometry": { "type": "Polygon", "coordinates": [ [ [ 314673.0, 3790925.0 ], [ 314673.0, 3791425.0 ], [ 315173.0, 3791425.0 ], [ 315173.0, 3790925.0 ], [ 314673.0, 3790925.0 ] ] ] } },
{ "type": "Feature", "properties": { "grid_id": 433, "area_km2": 0.25, "distance_to_bell_m": 4288.804612609395, "distance_to_bell_km": 4.2888046126093951, "final_grid_id": 433.0, "poi_total": 7.0, "final_grid_id_cat": 433.0, "catering": 4.0, "life_service": 3.0, "shopping": 0.0, "poi_density": 28.0, "road_length_m": 3983.8736004692923, "road_density_km_per_km2": 15.93549440187717, "intersection_count": 12.0, "mean_intersection_degree": 3.5833333333333335, "intersection_density_n_per_km2": 48.0, "model_fitted": 601.08510336326015, "model_residual": -573.08510336326015 }, "geometry": { "type": "Polygon", "coordinates": [ [ [ 314173.0, 3790925.0 ], [ 314173.0, 3791425.0 ], [ 314673.0, 3791425.0 ], [ 314673.0, 3790925.0 ], [ 314173.0, 3790925.0 ] ] ] } },
{ "type": "Feature", "properties": { "grid_id": 556, "area_km2": 0.25, "distance_to_bell_m": 4575.0708983196282, "distance_to_bell_km": 4.5750708983196287, "final_grid_id": 556.0, "poi_total": 188.0, "final_grid_id_cat": 556.0, "catering": 51.0, "life_service": 63.0, "shopping": 74.0, "poi_density": 752.0, "road_length_m": 6305.0317178354562, "road_density_km_per_km2": 25.220126871341826, "intersection_count": 13.0, "mean_intersection_degree": 3.2307692307692308, "intersection_density_n_per_km2": 52.0, "model_fitted": 516.29882102927104, "model_residual": 235.70117897072896 }, "geometry": { "type": "Polygon", "coordinates": [ [ [ 314673.0, 3791425.0 ], [ 314673.0, 3791925.0 ], [ 315173.0, 3791925.0 ], [ 315173.0, 3791425.0 ], [ 314673.0, 3791425.0 ] ] ] } },
{ "type": "Feature", "properties": { "grid_id": 557, "area_km2": 0.25, "distance_to_bell_m": 4099.5289857655516, "distance_to_bell_km": 4.0995289857655512, "final_grid_id": 557.0, "poi_total": 5.0, "final_grid_id_cat": 557.0, "catering": 3.0, "life_service": 2.0, "shopping": 0.0, "poi_density": 20.0, "road_length_m": 5047.8965836862044, "road_density_km_per_km2": 20.191586334744816, "intersection_count": 8.0, "mean_intersection_degree": 3.375, "intersection_density_n_per_km2": 32.0, "model_fitted": 603.4763299102965, "model_residual": -583.4763299102965 }, "geometry": { "type": "Polygon", "coordinates": [ [ [ 314173.0, 3791425.0 ], [ 314173.0, 3791925.0 ], [ 314673.0, 3791925.0 ], [ 314673.0, 3791425.0 ], [ 314173.0, 3791425.0 ] ] ] } },
{ "type": "Feature", "properties": { "grid_id": 558, "area_km2": 0.25, "distance_to_bell_m": 4946.584927418382, "distance_to_bell_km": 4.9465849274183817, "final_grid_id": 558.0, "poi_total": 136.0, "final_grid_id_cat": 558.0, "catering": 63.0, "life_service": 40.0, "shopping": 33.0, "poi_density": 544.0, "road_length_m": 5368.0101559240948, "road_density_km_per_km2": 21.47204062369638, "intersection_count": 9.0, "mean_intersection_degree": 3.2222222222222223, "intersection_density_n_per_km2": 36.0, "model_fitted": 460.85180159973373, "model_residual": 83.148198400266267 }, "geometry": { "type": "Polygon", "coordinates": [ [ [ 315173.0, 3791925.0 ], [ 315173.0, 3792425.0 ], [ 315673.0, 3792425.0 ], [ 315673.0, 3791925.0 ], [ 315173.0, 3791925.0 ] ] ] } },
{ "type": "Feature", "properties": { "grid_id": 559, "area_km2": 0.25, "distance_to_bell_m": 3964.6476268546558, "distance_to_bell_km": 3.9646476268546555, "final_grid_id": 559.0, "poi_total": 9.0, "final_grid_id_cat": 559.0, "catering": 7.0, "life_service": 1.0, "shopping": 1.0, "poi_density": 36.0, "road_length_m": 4189.8913178105222, "road_density_km_per_km2": 16.759565271242089, "intersection_count": 14.0, "mean_intersection_degree": 3.8571428571428572, "intersection_density_n_per_km2": 56.0, "model_fitted": 681.84589459533822, "model_residual": -645.84589459533822 }, "geometry": { "type": "Polygon", "coordinates": [ [ [ 314173.0, 3791925.0 ], [ 314173.0, 3792425.0 ], [ 314673.0, 3792425.0 ], [ 314673.0, 3791925.0 ], [ 314173.0, 3791925.0 ] ] ] } },
{ "type": "Feature", "properties": { "grid_id": 561, "area_km2": 0.25, "distance_to_bell_m": 4454.6118377074663, "distance_to_bell_km": 4.4546118377074659, "final_grid_id": 561.0, "poi_total": 58.0, "final_grid_id_cat": 561.0, "catering": 16.0, "life_service": 14.0, "shopping": 28.0, "poi_density": 232.0, "road_length_m": 6616.9716814815329, "road_density_km_per_km2": 26.467886725926132, "intersection_count": 27.0, "mean_intersection_degree": 3.4814814814814814, "intersection_density_n_per_km2": 108.0, "model_fitted": 564.42017984594372, "model_residual": -332.42017984594372 }, "geometry": { "type": "Polygon", "coordinates": [ [ [ 314673.0, 3791925.0 ], [ 314673.0, 3792425.0 ], [ 315173.0, 3792425.0 ], [ 315173.0, 3791925.0 ], [ 314673.0, 3791925.0 ] ] ] } },
{ "type": "Feature", "properties": { "grid_id": 562, "area_km2": 0.25, "distance_to_bell_m": 4388.1498976944486, "distance_to_bell_km": 4.3881498976944489, "final_grid_id": 562.0, "poi_total": 133.0, "final_grid_id_cat": 562.0, "catering": 34.0, "life_service": 45.0, "shopping": 54.0, "poi_density": 532.0, "road_length_m": 5854.3034113329404, "road_density_km_per_km2": 23.417213645331763, "intersection_count": 26.0, "mean_intersection_degree": 3.2307692307692308, "intersection_density_n_per_km2": 104.0, "model_fitted": 543.67324617004112, "model_residual": -11.673246170041125 }, "geometry": { "type": "Polygon", "coordinates": [ [ [ 314673.0, 3792425.0 ], [ 314673.0, 3792925.0 ], [ 315173.0, 3792925.0 ], [ 315173.0, 3792425.0 ], [ 314673.0, 3792425.0 ] ] ] } },
{ "type": "Feature", "properties": { "grid_id": 563, "area_km2": 0.25, "distance_to_bell_m": 4886.8185298980598, "distance_to_bell_km": 4.8868185298980595, "final_grid_id": 563.0, "poi_total": 170.0, "final_grid_id_cat": 563.0, "catering": 55.0, "life_service": 59.0, "shopping": 56.0, "poi_density": 680.0, "road_length_m": 3654.6013970415829, "road_density_km_per_km2": 14.618405588166331, "intersection_count": 2.0, "mean_intersection_degree": 3.0, "intersection_density_n_per_km2": 8.0, "model_fitted": 442.58797373955986, "model_residual": 237.41202626044014 }, "geometry": { "type": "Polygon", "coordinates": [ [ [ 315173.0, 3792425.0 ], [ 315173.0, 3792925.0 ], [ 315673.0, 3792925.0 ], [ 315673.0, 3792425.0 ], [ 315173.0, 3792425.0 ] ] ] } },
{ "type": "Feature", "properties": { "grid_id": 565, "area_km2": 0.25, "distance_to_bell_m": 3889.8230943214589, "distance_to_bell_km": 3.8898230943214589, "final_grid_id": 565.0, "poi_total": 258.0, "final_grid_id_cat": 565.0, "catering": 91.0, "life_service": 82.0, "shopping": 85.0, "poi_density": 1032.0, "road_length_m": 4871.346577000375, "road_density_km_per_km2": 19.485386308001498, "intersection_count": 16.0, "mean_intersection_degree": 3.8125, "intersection_density_n_per_km2": 64.0, "model_fitted": 687.3764498251528, "model_residual": 344.6235501748472 }, "geometry": { "type": "Polygon", "coordinates": [ [ [ 314173.0, 3792425.0 ], [ 314173.0, 3792925.0 ], [ 314673.0, 3792925.0 ], [ 314673.0, 3792425.0 ], [ 314173.0, 3792425.0 ] ] ] } },
{ "type": "Feature", "properties": { "grid_id": 566, "area_km2": 0.25, "distance_to_bell_m": 3630.5649815989668, "distance_to_bell_km": 3.6305649815989667, "final_grid_id": 566.0, "poi_total": 23.0, "final_grid_id_cat": 566.0, "catering": 5.0, "life_service": 8.0, "shopping": 10.0, "poi_density": 92.0, "road_length_m": 3141.4176430957282, "road_density_km_per_km2": 12.565670572382913, "intersection_count": 5.0, "mean_intersection_degree": 3.0, "intersection_density_n_per_km2": 20.0, "model_fitted": 626.56526147459977, "model_residual": -534.56526147459977 }, "geometry": { "type": "Polygon", "coordinates": [ [ [ 313673.0, 3791425.0 ], [ 313673.0, 3791925.0 ], [ 314173.0, 3791925.0 ], [ 314173.0, 3791425.0 ], [ 313673.0, 3791425.0 ] ] ] } },
{ "type": "Feature", "properties": { "grid_id": 567, "area_km2": 0.25, "distance_to_bell_m": 2994.6884923286752, "distance_to_bell_km": 2.9946884923286752, "final_grid_id": 567.0, "poi_total": 217.0, "final_grid_id_cat": 567.0, "catering": 69.0, "life_service": 68.0, "shopping": 80.0, "poi_density": 868.0, "road_length_m": 4579.6391519303706, "road_density_km_per_km2": 18.318556607721483, "intersection_count": 13.0, "mean_intersection_degree": 4.0769230769230766, "intersection_density_n_per_km2": 52.0, "model_fitted": 850.61528518663545, "model_residual": 17.384714813364553 }, "geometry": { "type": "Polygon", "coordinates": [ [ [ 313173.0, 3791925.0 ], [ 313173.0, 3792425.0 ], [ 313673.0, 3792425.0 ], [ 313673.0, 3791925.0 ], [ 313173.0, 3791925.0 ] ] ] } },
{ "type": "Feature", "properties": { "grid_id": 568, "area_km2": 0.25, "distance_to_bell_m": 3477.5415145767884, "distance_to_bell_km": 3.4775415145767883, "final_grid_id": 568.0, "poi_total": 69.0, "final_grid_id_cat": 568.0, "catering": 21.0, "life_service": 23.0, "shopping": 25.0, "poi_density": 276.0, "road_length_m": 2782.2294138841526, "road_density_km_per_km2": 11.128917655536609, "intersection_count": 7.0, "mean_intersection_degree": 3.2857142857142856, "intersection_density_n_per_km2": 28.0, "model_fitted": 683.71100725787051, "model_residual": -407.71100725787051 }, "geometry": { "type": "Polygon", "coordinates": [ [ [ 313673.0, 3791925.0 ], [ 313673.0, 3792425.0 ], [ 314173.0, 3792425.0 ], [ 314173.0, 3791925.0 ], [ 313673.0, 3791925.0 ] ] ] } },
{ "type": "Feature", "properties": { "grid_id": 569, "area_km2": 0.25, "distance_to_bell_m": 2518.5359530025703, "distance_to_bell_km": 2.5185359530025702, "final_grid_id": 569.0, "poi_total": 279.0, "final_grid_id_cat": 569.0, "catering": 130.0, "life_service": 47.0, "shopping": 102.0, "poi_density": 1116.0, "road_length_m": 6150.2562592925942, "road_density_km_per_km2": 24.601025037170377, "intersection_count": 23.0, "mean_intersection_degree": 3.6086956521739131, "intersection_density_n_per_km2": 92.0, "model_fitted": 863.4228893600125, "model_residual": 252.5771106399875 }, "geometry": { "type": "Polygon", "coordinates": [ [ [ 312673.0, 3791925.0 ], [ 312673.0, 3792425.0 ], [ 313173.0, 3792425.0 ], [ 313173.0, 3791925.0 ], [ 312673.0, 3791925.0 ] ] ] } },
{ "type": "Feature", "properties": { "grid_id": 570, "area_km2": 0.25, "distance_to_bell_m": 2894.9010459907108, "distance_to_bell_km": 2.8949010459907107, "final_grid_id": 570.0, "poi_total": 232.0, "final_grid_id_cat": 570.0, "catering": 89.0, "life_service": 76.0, "shopping": 67.0, "poi_density": 928.0, "road_length_m": 6926.6725799308542, "road_density_km_per_km2": 27.706690319723418, "intersection_count": 23.0, "mean_intersection_degree": 3.6956521739130435, "intersection_density_n_per_km2": 92.0, "model_fitted": 818.87623455634116, "model_residual": 109.12376544365884 }, "geometry": { "type": "Polygon", "coordinates": [ [ [ 313173.0, 3792425.0 ], [ 313173.0, 3792925.0 ], [ 313673.0, 3792925.0 ], [ 313673.0, 3792425.0 ], [ 313173.0, 3792425.0 ] ] ] } },
{ "type": "Feature", "properties": { "grid_id": 571, "area_km2": 0.25, "distance_to_bell_m": 2399.0240195877327, "distance_to_bell_km": 2.3990240195877326, "final_grid_id": 571.0, "poi_total": 281.0, "final_grid_id_cat": 571.0, "catering": 73.0, "life_service": 84.0, "shopping": 124.0, "poi_density": 1124.0, "road_length_m": 6045.5253667458474, "road_density_km_per_km2": 24.18210146698339, "intersection_count": 18.0, "mean_intersection_degree": 3.1666666666666665, "intersection_density_n_per_km2": 72.0, "model_fitted": 827.18583680983249, "model_residual": 296.81416319016751 }, "geometry": { "type": "Polygon", "coordinates": [ [ [ 312673.0, 3792425.0 ], [ 312673.0, 3792925.0 ], [ 313173.0, 3792925.0 ], [ 313173.0, 3792425.0 ], [ 312673.0, 3792425.0 ] ] ] } },
{ "type": "Feature", "properties": { "grid_id": 572, "area_km2": 0.25, "distance_to_bell_m": 3391.988780287656, "distance_to_bell_km": 3.3919887802876558, "final_grid_id": 572.0, "poi_total": 269.0, "final_grid_id_cat": 572.0, "catering": 108.0, "life_service": 82.0, "shopping": 79.0, "poi_density": 1076.0, "road_length_m": 2132.7768832034576, "road_density_km_per_km2": 8.5311075328138308, "intersection_count": 2.0, "mean_intersection_degree": 3.0, "intersection_density_n_per_km2": 8.0, "model_fitted": 661.50454781119356, "model_residual": 414.49545218880644 }, "geometry": { "type": "Polygon", "coordinates": [ [ [ 313673.0, 3792425.0 ], [ 313673.0, 3792925.0 ], [ 314173.0, 3792925.0 ], [ 314173.0, 3792425.0 ], [ 313673.0, 3792425.0 ] ] ] } },
{ "type": "Feature", "properties": { "grid_id": 573, "area_km2": 0.25, "distance_to_bell_m": 2879.712653385825, "distance_to_bell_km": 2.879712653385825, "final_grid_id": 573.0, "poi_total": 186.0, "final_grid_id_cat": 573.0, "catering": 55.0, "life_service": 62.0, "shopping": 69.0, "poi_density": 744.0, "road_length_m": 4892.029479790026, "road_density_km_per_km2": 19.568117919160105, "intersection_count": 11.0, "mean_intersection_degree": 3.4545454545454546, "intersection_density_n_per_km2": 44.0, "model_fitted": 791.78812065887337, "model_residual": -47.788120658873368 }, "geometry": { "type": "Polygon", "coordinates": [ [ [ 313173.0, 3792925.0 ], [ 313173.0, 3793425.0 ], [ 313673.0, 3793425.0 ], [ 313673.0, 3792925.0 ], [ 313173.0, 3792925.0 ] ] ] } },
{ "type": "Feature", "properties": { "grid_id": 574, "area_km2": 0.25, "distance_to_bell_m": 2380.6740949888958, "distance_to_bell_km": 2.3806740949888958, "final_grid_id": 574.0, "poi_total": 371.0, "final_grid_id_cat": 574.0, "catering": 168.0, "life_service": 74.0, "shopping": 129.0, "poi_density": 1484.0, "road_length_m": 5455.5029887036198, "road_density_km_per_km2": 21.822011954814478, "intersection_count": 23.0, "mean_intersection_degree": 3.2608695652173911, "intersection_density_n_per_km2": 92.0, "model_fitted": 841.32584319073851, "model_residual": 642.67415680926149 }, "geometry": { "type": "Polygon", "coordinates": [ [ [ 312673.0, 3792925.0 ], [ 312673.0, 3793425.0 ], [ 313173.0, 3793425.0 ], [ 313173.0, 3792925.0 ], [ 312673.0, 3792925.0 ] ] ] } },
{ "type": "Feature", "properties": { "grid_id": 575, "area_km2": 0.25, "distance_to_bell_m": 3379.0354815523406, "distance_to_bell_km": 3.3790354815523407, "final_grid_id": 575.0, "poi_total": 276.0, "final_grid_id_cat": 575.0, "catering": 70.0, "life_service": 99.0, "shopping": 107.0, "poi_density": 1104.0, "road_length_m": 5673.3545317503922, "road_density_km_per_km2": 22.693418127001568, "intersection_count": 10.0, "mean_intersection_degree": 3.2, "intersection_density_n_per_km2": 40.0, "model_fitted": 687.71645802202988, "model_residual": 416.28354197797012 }, "geometry": { "type": "Polygon", "coordinates": [ [ [ 313673.0, 3792925.0 ], [ 313673.0, 3793425.0 ], [ 314173.0, 3793425.0 ], [ 314173.0, 3792925.0 ], [ 313673.0, 3792925.0 ] ] ] } },
{ "type": "Feature", "properties": { "grid_id": 596, "area_km2": 0.25, "distance_to_bell_m": 4877.8364306470294, "distance_to_bell_km": 4.8778364306470294, "final_grid_id": 596.0, "poi_total": 180.0, "final_grid_id_cat": 596.0, "catering": 67.0, "life_service": 36.0, "shopping": 77.0, "poi_density": 720.0, "road_length_m": 1018.3877570812894, "road_density_km_per_km2": 4.0735510283251575, "intersection_count": 1.0, "mean_intersection_degree": 3.0, "intersection_density_n_per_km2": 4.0, "model_fitted": 443.90339470741219, "model_residual": 276.09660529258781 }, "geometry": { "type": "Polygon", "coordinates": [ [ [ 315173.0, 3792925.0 ], [ 315173.0, 3793425.0 ], [ 315673.0, 3793425.0 ], [ 315673.0, 3792925.0 ], [ 315173.0, 3792925.0 ] ] ] } },
{ "type": "Feature", "properties": { "grid_id": 598, "area_km2": 0.25, "distance_to_bell_m": 3878.5327902583067, "distance_to_bell_km": 3.8785327902583067, "final_grid_id": 598.0, "poi_total": 193.0, "final_grid_id_cat": 598.0, "catering": 57.0, "life_service": 55.0, "shopping": 81.0, "poi_density": 772.0, "road_length_m": 5151.5172193258868, "road_density_km_per_km2": 20.606068877303546, "intersection_count": 22.0, "mean_intersection_degree": 3.7272727272727271, "intersection_density_n_per_km2": 88.0, "model_fitted": 678.66843797726506, "model_residual": 93.331562022734943 }, "geometry": { "type": "Polygon", "coordinates": [ [ [ 314173.0, 3792925.0 ], [ 314173.0, 3793425.0 ], [ 314673.0, 3793425.0 ], [ 314673.0, 3792925.0 ], [ 314173.0, 3792925.0 ] ] ] } },
{ "type": "Feature", "properties": { "grid_id": 599, "area_km2": 0.25, "distance_to_bell_m": 4378.144861083073, "distance_to_bell_km": 4.3781448610830731, "final_grid_id": 599.0, "poi_total": 232.0, "final_grid_id_cat": 599.0, "catering": 67.0, "life_service": 57.0, "shopping": 108.0, "poi_density": 928.0, "road_length_m": 5235.5914207925935, "road_density_km_per_km2": 20.942365683170372, "intersection_count": 21.0, "mean_intersection_degree": 3.2380952380952381, "intersection_density_n_per_km2": 84.0, "model_fitted": 546.02913152175256, "model_residual": 381.97086847824744 }, "geometry": { "type": "Polygon", "coordinates": [ [ [ 314673.0, 3792925.0 ], [ 314673.0, 3793425.0 ], [ 315173.0, 3793425.0 ], [ 315173.0, 3792925.0 ], [ 314673.0, 3792925.0 ] ] ] } },
{ "type": "Feature", "properties": { "grid_id": 600, "area_km2": 0.25, "distance_to_bell_m": 4424.9796976506495, "distance_to_bell_km": 4.4249796976506497, "final_grid_id": 600.0, "poi_total": 212.0, "final_grid_id_cat": 600.0, "catering": 93.0, "life_service": 40.0, "shopping": 79.0, "poi_density": 848.0, "road_length_m": 5512.8333256862579, "road_density_km_per_km2": 22.051333302745032, "intersection_count": 9.0, "mean_intersection_degree": 3.4444444444444446, "intersection_density_n_per_km2": 36.0, "model_fitted": 564.25702094045744, "model_residual": 283.74297905954256 }, "geometry": { "type": "Polygon", "coordinates": [ [ [ 314673.0, 3793425.0 ], [ 314673.0, 3793925.0 ], [ 315173.0, 3793925.0 ], [ 315173.0, 3793425.0 ], [ 314673.0, 3793425.0 ] ] ] } },
{ "type": "Feature", "properties": { "grid_id": 601, "area_km2": 0.25, "distance_to_bell_m": 4919.9167822372428, "distance_to_bell_km": 4.9199167822372427, "final_grid_id": 601.0, "poi_total": 368.0, "final_grid_id_cat": 601.0, "catering": 91.0, "life_service": 83.0, "shopping": 194.0, "poi_density": 1472.0, "road_length_m": 2867.2667759437145, "road_density_km_per_km2": 11.469067103774858, "intersection_count": 4.0, "mean_intersection_degree": 3.5, "intersection_density_n_per_km2": 16.0, "model_fitted": 498.52803815156034, "model_residual": 973.47196184843961 }, "geometry": { "type": "Polygon", "coordinates": [ [ [ 315173.0, 3793425.0 ], [ 315173.0, 3793925.0 ], [ 315673.0, 3793925.0 ], [ 315673.0, 3793425.0 ], [ 315173.0, 3793425.0 ] ] ] } },
{ "type": "Feature", "properties": { "grid_id": 603, "area_km2": 0.25, "distance_to_bell_m": 3931.3241414441018, "distance_to_bell_km": 3.9313241414441018, "final_grid_id": 603.0, "poi_total": 312.0, "final_grid_id_cat": 603.0, "catering": 65.0, "life_service": 44.0, "shopping": 203.0, "poi_density": 1248.0, "road_length_m": 5702.8323293599142, "road_density_km_per_km2": 22.811329317439657, "intersection_count": 15.0, "mean_intersection_degree": 3.3333333333333335, "intersection_density_n_per_km2": 60.0, "model_fitted": 623.04418319128615, "model_residual": 624.95581680871385 }, "geometry": { "type": "Polygon", "coordinates": [ [ [ 314173.0, 3793425.0 ], [ 314173.0, 3793925.0 ], [ 314673.0, 3793925.0 ], [ 314673.0, 3793425.0 ], [ 314173.0, 3793425.0 ] ] ] } },
{ "type": "Feature", "properties": { "grid_id": 604, "area_km2": 0.25, "distance_to_bell_m": 4526.8905691006885, "distance_to_bell_km": 4.5268905691006882, "final_grid_id": 604.0, "poi_total": 11.0, "final_grid_id_cat": 604.0, "catering": 3.0, "life_service": 6.0, "shopping": 2.0, "poi_density": 44.0, "road_length_m": 3842.8200430333604, "road_density_km_per_km2": 15.371280172133442, "intersection_count": 8.0, "mean_intersection_degree": 3.625, "intersection_density_n_per_km2": 32.0, "model_fitted": 571.28321930215998, "model_residual": -527.28321930215998 }, "geometry": { "type": "Polygon", "coordinates": [ [ [ 314673.0, 3793925.0 ], [ 314673.0, 3794425.0 ], [ 315173.0, 3794425.0 ], [ 315173.0, 3793925.0 ], [ 314673.0, 3793925.0 ] ] ] } },
{ "type": "Feature", "properties": { "grid_id": 616, "area_km2": 0.25, "distance_to_bell_m": 3439.5019531295479, "distance_to_bell_km": 3.4395019531295481, "final_grid_id": 616.0, "poi_total": 417.0, "final_grid_id_cat": 616.0, "catering": 119.0, "life_service": 104.0, "shopping": 194.0, "poi_density": 1668.0, "road_length_m": 4433.0168951658634, "road_density_km_per_km2": 17.732067580663454, "intersection_count": 6.0, "mean_intersection_degree": 3.0, "intersection_density_n_per_km2": 24.0, "model_fitted": 654.54628314959484, "model_residual": 1013.4537168504052 }, "geometry": { "type": "Polygon", "coordinates": [ [ [ 313673.0, 3793425.0 ], [ 313673.0, 3793925.0 ], [ 314173.0, 3793925.0 ], [ 314173.0, 3793425.0 ], [ 313673.0, 3793425.0 ] ] ] } },
{ "type": "Feature", "properties": { "grid_id": 617, "area_km2": 0.25, "distance_to_bell_m": 2465.7457384214449, "distance_to_bell_km": 2.465745738421445, "final_grid_id": 617.0, "poi_total": 452.0, "final_grid_id_cat": 617.0, "catering": 194.0, "life_service": 108.0, "shopping": 150.0, "poi_density": 1808.0, "road_length_m": 5138.8798604459716, "road_density_km_per_km2": 20.555519441783886, "intersection_count": 14.0, "mean_intersection_degree": 3.3571428571428572, "intersection_density_n_per_km2": 56.0, "model_fitted": 840.57155406198081, "model_residual": 967.42844593801919 }, "geometry": { "type": "Polygon", "coordinates": [ [ [ 312673.0, 3793425.0 ], [ 312673.0, 3793925.0 ], [ 313173.0, 3793925.0 ], [ 313173.0, 3793425.0 ], [ 312673.0, 3793425.0 ] ] ] } },
{ "type": "Feature", "properties": { "grid_id": 618, "area_km2": 0.25, "distance_to_bell_m": 2950.4301154344844, "distance_to_bell_km": 2.9504301154344845, "final_grid_id": 618.0, "poi_total": 439.0, "final_grid_id_cat": 618.0, "catering": 140.0, "life_service": 114.0, "shopping": 185.0, "poi_density": 1756.0, "road_length_m": 5142.5339616667961, "road_density_km_per_km2": 20.570135846667185, "intersection_count": 12.0, "mean_intersection_degree": 3.25, "intersection_density_n_per_km2": 48.0, "model_fitted": 756.56408515472867, "model_residual": 999.43591484527133 }, "geometry": { "type": "Polygon", "coordinates": [ [ [ 313173.0, 3793425.0 ], [ 313173.0, 3793925.0 ], [ 313673.0, 3793925.0 ], [ 313673.0, 3793425.0 ], [ 313173.0, 3793425.0 ] ] ] } },
{ "type": "Feature", "properties": { "grid_id": 619, "area_km2": 0.25, "distance_to_bell_m": 3569.6591693849837, "distance_to_bell_km": 3.5696591693849835, "final_grid_id": 619.0, "poi_total": 72.0, "final_grid_id_cat": 619.0, "catering": 8.0, "life_service": 7.0, "shopping": 57.0, "poi_density": 288.0, "road_length_m": 5767.8312555132425, "road_density_km_per_km2": 23.071325022052971, "intersection_count": 13.0, "mean_intersection_degree": 3.4615384615384617, "intersection_density_n_per_km2": 52.0, "model_fitted": 691.59619868425784, "model_residual": -403.59619868425784 }, "geometry": { "type": "Polygon", "coordinates": [ [ [ 313673.0, 3793925.0 ], [ 313673.0, 3794425.0 ], [ 314173.0, 3794425.0 ], [ 314173.0, 3793925.0 ], [ 313673.0, 3793925.0 ] ] ] } },
{ "type": "Feature", "properties": { "grid_id": 620, "area_km2": 0.25, "distance_to_bell_m": 2644.2758832118543, "distance_to_bell_km": 2.6442758832118543, "final_grid_id": 620.0, "poi_total": 464.0, "final_grid_id_cat": 620.0, "catering": 158.0, "life_service": 112.0, "shopping": 194.0, "poi_density": 1856.0, "road_length_m": 5998.9752151778939, "road_density_km_per_km2": 23.995900860711576, "intersection_count": 13.0, "mean_intersection_degree": 3.4615384615384617, "intersection_density_n_per_km2": 52.0, "model_fitted": 827.11781160704732, "model_residual": 1028.8821883929527 }, "geometry": { "type": "Polygon", "coordinates": [ [ [ 312673.0, 3793925.0 ], [ 312673.0, 3794425.0 ], [ 313173.0, 3794425.0 ], [ 313173.0, 3793925.0 ], [ 312673.0, 3793925.0 ] ] ] } },
{ "type": "Feature", "properties": { "grid_id": 621, "area_km2": 0.25, "distance_to_bell_m": 3101.1821562196346, "distance_to_bell_km": 3.1011821562196347, "final_grid_id": 621.0, "poi_total": 81.0, "final_grid_id_cat": 621.0, "catering": 18.0, "life_service": 24.0, "shopping": 39.0, "poi_density": 324.0, "road_length_m": 4566.1194045003876, "road_density_km_per_km2": 18.26447761800155, "intersection_count": 11.0, "mean_intersection_degree": 3.1818181818181817, "intersection_density_n_per_km2": 44.0, "model_fitted": 726.19740011948988, "model_residual": -402.19740011948988 }, "geometry": { "type": "Polygon", "coordinates": [ [ [ 313173.0, 3793925.0 ], [ 313173.0, 3794425.0 ], [ 313673.0, 3794425.0 ], [ 313673.0, 3793925.0 ], [ 313173.0, 3793925.0 ] ] ] } },
{ "type": "Feature", "properties": { "grid_id": 622, "area_km2": 0.25, "distance_to_bell_m": 2899.0494729355946, "distance_to_bell_km": 2.8990494729355945, "final_grid_id": 622.0, "poi_total": 91.0, "final_grid_id_cat": 622.0, "catering": 30.0, "life_service": 18.0, "shopping": 43.0, "poi_density": 364.0, "road_length_m": 3730.158676548946, "road_density_km_per_km2": 14.920634706195784, "intersection_count": 9.0, "mean_intersection_degree": 3.0, "intersection_density_n_per_km2": 36.0, "model_fitted": 733.69509955722515, "model_residual": -369.69509955722515 }, "geometry": { "type": "Polygon", "coordinates": [ [ [ 312673.0, 3794425.0 ], [ 312673.0, 3794925.0 ], [ 313173.0, 3794925.0 ], [ 313173.0, 3794425.0 ], [ 312673.0, 3794425.0 ] ] ] } },
{ "type": "Feature", "properties": { "grid_id": 623, "area_km2": 0.25, "distance_to_bell_m": 3762.2811545080745, "distance_to_bell_km": 3.7622811545080745, "final_grid_id": 623.0, "poi_total": 239.0, "final_grid_id_cat": 623.0, "catering": 23.0, "life_service": 43.0, "shopping": 173.0, "poi_density": 956.0, "road_length_m": 3079.4354579945084, "road_density_km_per_km2": 12.317741831978033, "intersection_count": 1.0, "mean_intersection_degree": 3.0, "intersection_density_n_per_km2": 4.0, "model_fitted": 607.27553745712953, "model_residual": 348.72446254287047 }, "geometry": { "type": "Polygon", "coordinates": [ [ [ 313673.0, 3794425.0 ], [ 313673.0, 3794925.0 ], [ 314173.0, 3794925.0 ], [ 314173.0, 3794425.0 ], [ 313673.0, 3794425.0 ] ] ] } },
{ "type": "Feature", "properties": { "grid_id": 624, "area_km2": 0.25, "distance_to_bell_m": 3321.0877233291171, "distance_to_bell_km": 3.3210877233291169, "final_grid_id": 624.0, "poi_total": 99.0, "final_grid_id_cat": 624.0, "catering": 6.0, "life_service": 19.0, "shopping": 74.0, "poi_density": 396.0, "road_length_m": 1404.7003443228991, "road_density_km_per_km2": 5.6188013772915966, "intersection_count": 1.0, "mean_intersection_degree": 3.0, "intersection_density_n_per_km2": 4.0, "model_fitted": 671.88794865765544, "model_residual": -275.88794865765544 }, "geometry": { "type": "Polygon", "coordinates": [ [ [ 313173.0, 3794425.0 ], [ 313173.0, 3794925.0 ], [ 313673.0, 3794925.0 ], [ 313673.0, 3794425.0 ], [ 313173.0, 3794425.0 ] ] ] } },
{ "type": "Feature", "properties": { "grid_id": 625, "area_km2": 0.25, "distance_to_bell_m": 3211.9745868422538, "distance_to_bell_km": 3.2119745868422536, "final_grid_id": 625.0, "poi_total": 11.0, "final_grid_id_cat": 625.0, "catering": 5.0, "life_service": 1.0, "shopping": 5.0, "poi_density": 44.0, "road_length_m": 6554.5176847472603, "road_density_km_per_km2": 26.218070738989042, "intersection_count": 31.0, "mean_intersection_degree": 3.3225806451612905, "intersection_density_n_per_km2": 124.0, "model_fitted": 727.08507416978898, "model_residual": -683.08507416978898 }, "geometry": { "type": "Polygon", "coordinates": [ [ [ 312673.0, 3794925.0 ], [ 312673.0, 3795425.0 ], [ 313173.0, 3795425.0 ], [ 313173.0, 3794925.0 ], [ 312673.0, 3794925.0 ] ] ] } },
{ "type": "Feature", "properties": { "grid_id": 627, "area_km2": 0.25, "distance_to_bell_m": 4045.6893609239846, "distance_to_bell_km": 4.0456893609239843, "final_grid_id": 627.0, "poi_total": 187.0, "final_grid_id_cat": 627.0, "catering": 11.0, "life_service": 7.0, "shopping": 169.0, "poi_density": 748.0, "road_length_m": 4129.4271047900083, "road_density_km_per_km2": 16.517708419160034, "intersection_count": 18.0, "mean_intersection_degree": 3.1111111111111112, "intersection_density_n_per_km2": 72.0, "model_fitted": 579.27892478949116, "model_residual": 168.72107521050884 }, "geometry": { "type": "Polygon", "coordinates": [ [ [ 314173.0, 3793925.0 ], [ 314173.0, 3794425.0 ], [ 314673.0, 3794425.0 ], [ 314673.0, 3793925.0 ], [ 314173.0, 3793925.0 ] ] ] } },
{ "type": "Feature", "properties": { "grid_id": 628, "area_km2": 0.25, "distance_to_bell_m": 4680.2810946144109, "distance_to_bell_km": 4.6802810946144113, "final_grid_id": 628.0, "poi_total": 290.0, "final_grid_id_cat": 628.0, "catering": 56.0, "life_service": 39.0, "shopping": 195.0, "poi_density": 1160.0, "road_length_m": 6184.888463907293, "road_density_km_per_km2": 24.739553855629172, "intersection_count": 15.0, "mean_intersection_degree": 3.5333333333333332, "intersection_density_n_per_km2": 60.0, "model_fitted": 537.67497044099161, "model_residual": 622.32502955900839 }, "geometry": { "type": "Polygon", "coordinates": [ [ [ 314673.0, 3794425.0 ], [ 314673.0, 3794925.0 ], [ 315173.0, 3794925.0 ], [ 315173.0, 3794425.0 ], [ 314673.0, 3794425.0 ] ] ] } },
{ "type": "Feature", "properties": { "grid_id": 631, "area_km2": 0.25, "distance_to_bell_m": 4216.6213139296533, "distance_to_bell_km": 4.2166213139296529, "final_grid_id": 631.0, "poi_total": 241.0, "final_grid_id_cat": 631.0, "catering": 18.0, "life_service": 21.0, "shopping": 202.0, "poi_density": 964.0, "road_length_m": 3421.3824255826485, "road_density_km_per_km2": 13.685529702330594, "intersection_count": 4.0, "mean_intersection_degree": 3.25, "intersection_density_n_per_km2": 16.0, "model_fitted": 571.1314368103524, "model_residual": 392.8685631896476 }, "geometry": { "type": "Polygon", "coordinates": [ [ [ 314173.0, 3794425.0 ], [ 314173.0, 3794925.0 ], [ 314673.0, 3794925.0 ], [ 314673.0, 3794425.0 ], [ 314173.0, 3794425.0 ] ] ] } },
{ "type": "Feature", "properties": { "grid_id": 632, "area_km2": 0.25, "distance_to_bell_m": 4880.2995834884341, "distance_to_bell_km": 4.8802995834884344, "final_grid_id": 632.0, "poi_total": 236.0, "final_grid_id_cat": 632.0, "catering": 14.0, "life_service": 30.0, "shopping": 192.0, "poi_density": 944.0, "road_length_m": 3600.4469820362201, "road_density_km_per_km2": 14.401787928144881, "intersection_count": 12.0, "mean_intersection_degree": 3.0, "intersection_density_n_per_km2": 48.0, "model_fitted": 443.54266802158338, "model_residual": 500.45733197841662 }, "geometry": { "type": "Polygon", "coordinates": [ [ [ 314673.0, 3794925.0 ], [ 314673.0, 3795425.0 ], [ 315173.0, 3795425.0 ], [ 315173.0, 3794925.0 ], [ 314673.0, 3794925.0 ] ] ] } },
{ "type": "Feature", "properties": { "grid_id": 635, "area_km2": 0.25, "distance_to_bell_m": 4437.5881067397586, "distance_to_bell_km": 4.4375881067397582, "final_grid_id": 635.0, "poi_total": 91.0, "final_grid_id_cat": 635.0, "catering": 8.0, "life_service": 16.0, "shopping": 67.0, "poi_density": 364.0, "road_length_m": 2903.3083287990735, "road_density_km_per_km2": 11.613233315196293, "intersection_count": 3.0, "mean_intersection_degree": 3.3333333333333335, "intersection_density_n_per_km2": 12.0, "model_fitted": 548.9022463671555, "model_residual": -184.9022463671555 }, "geometry": { "type": "Polygon", "coordinates": [ [ [ 314173.0, 3794925.0 ], [ 314173.0, 3795425.0 ], [ 314673.0, 3795425.0 ], [ 314673.0, 3794925.0 ], [ 314173.0, 3794925.0 ] ] ] } },
{ "type": "Feature", "properties": { "grid_id": 756, "area_km2": 0.25, "distance_to_bell_m": 3597.4875352167237, "distance_to_bell_km": 3.5974875352167235, "final_grid_id": 756.0, "poi_total": 23.0, "final_grid_id_cat": 756.0, "catering": 2.0, "life_service": 10.0, "shopping": 11.0, "poi_density": 92.0, "road_length_m": 3773.3356556615263, "road_density_km_per_km2": 15.093342622646105, "intersection_count": 13.0, "mean_intersection_degree": 3.0769230769230771, "intersection_density_n_per_km2": 52.0, "model_fitted": 640.76131460534657, "model_residual": -548.76131460534657 }, "geometry": { "type": "Polygon", "coordinates": [ [ [ 313173.0, 3794925.0 ], [ 313173.0, 3795425.0 ], [ 313673.0, 3795425.0 ], [ 313673.0, 3794925.0 ], [ 313173.0, 3794925.0 ] ] ] } },
{ "type": "Feature", "properties": { "grid_id": 757, "area_km2": 0.25, "distance_to_bell_m": 4008.3727852532534, "distance_to_bell_km": 4.0083727852532531, "final_grid_id": 757.0, "poi_total": 42.0, "final_grid_id_cat": 757.0, "catering": 3.0, "life_service": 11.0, "shopping": 28.0, "poi_density": 168.0, "road_length_m": 4668.2848859139904, "road_density_km_per_km2": 18.67313954365596, "intersection_count": 16.0, "mean_intersection_degree": 3.5625, "intersection_density_n_per_km2": 64.0, "model_fitted": 639.62130817195714, "model_residual": -471.62130817195714 }, "geometry": { "type": "Polygon", "coordinates": [ [ [ 313673.0, 3794925.0 ], [ 313673.0, 3795425.0 ], [ 314173.0, 3795425.0 ], [ 314173.0, 3794925.0 ], [ 313673.0, 3794925.0 ] ] ] } },
{ "type": "Feature", "properties": { "grid_id": 758, "area_km2": 0.25, "distance_to_bell_m": 3567.7827353291545, "distance_to_bell_km": 3.5677827353291547, "final_grid_id": null, "poi_total": 0.0, "final_grid_id_cat": null, "catering": 0.0, "life_service": 0.0, "shopping": 0.0, "poi_density": 0.0, "road_length_m": 3428.4476776647316, "road_density_km_per_km2": 13.713790710658927, "intersection_count": 7.0, "mean_intersection_degree": 3.0, "intersection_density_n_per_km2": 28.0, "model_fitted": 635.75966924544525, "model_residual": -635.75966924544525 }, "geometry": { "type": "Polygon", "coordinates": [ [ [ 312673.0, 3795425.0 ], [ 312673.0, 3795925.0 ], [ 313173.0, 3795925.0 ], [ 313173.0, 3795425.0 ], [ 312673.0, 3795425.0 ] ] ] } },
{ "type": "Feature", "properties": { "grid_id": 759, "area_km2": 0.25, "distance_to_bell_m": 4298.7609011843451, "distance_to_bell_km": 4.2987609011843455, "final_grid_id": 759.0, "poi_total": 103.0, "final_grid_id_cat": 759.0, "catering": 19.0, "life_service": 50.0, "shopping": 34.0, "poi_density": 412.0, "road_length_m": 4600.5145689427945, "road_density_km_per_km2": 18.402058275771179, "intersection_count": 10.0, "mean_intersection_degree": 3.1, "intersection_density_n_per_km2": 40.0, "model_fitted": 540.86597976037297, "model_residual": -128.86597976037297 }, "geometry": { "type": "Polygon", "coordinates": [ [ [ 313673.0, 3795425.0 ], [ 313673.0, 3795925.0 ], [ 314173.0, 3795925.0 ], [ 314173.0, 3795425.0 ], [ 313673.0, 3795425.0 ] ] ] } },
{ "type": "Feature", "properties": { "grid_id": 760, "area_km2": 0.25, "distance_to_bell_m": 3918.4447764428191, "distance_to_bell_km": 3.918444776442819, "final_grid_id": 760.0, "poi_total": 96.0, "final_grid_id_cat": 760.0, "catering": 53.0, "life_service": 9.0, "shopping": 34.0, "poi_density": 384.0, "road_length_m": 3163.3460338968466, "road_density_km_per_km2": 12.653384135587386, "intersection_count": 6.0, "mean_intersection_degree": 3.0, "intersection_density_n_per_km2": 24.0, "model_fitted": 584.4055048547666, "model_residual": -200.4055048547666 }, "geometry": { "type": "Polygon", "coordinates": [ [ [ 313173.0, 3795425.0 ], [ 313173.0, 3795925.0 ], [ 313673.0, 3795925.0 ], [ 313673.0, 3795425.0 ], [ 313173.0, 3795425.0 ] ] ] } },
{ "type": "Feature", "properties": { "grid_id": 761, "area_km2": 0.25, "distance_to_bell_m": 3954.9167559513944, "distance_to_bell_km": 3.9549167559513942, "final_grid_id": null, "poi_total": 0.0, "final_grid_id_cat": null, "catering": 0.0, "life_service": 0.0, "shopping": 0.0, "poi_density": 0.0, "road_length_m": 3584.5766056750795, "road_density_km_per_km2": 14.338306422700319, "intersection_count": 13.0, "mean_intersection_degree": 3.2307692307692308, "intersection_density_n_per_km2": 52.0, "model_fitted": 607.11987960063652, "model_residual": -607.11987960063652 }, "geometry": { "type": "Polygon", "coordinates": [ [ [ 312673.0, 3795925.0 ], [ 312673.0, 3796425.0 ], [ 313173.0, 3796425.0 ], [ 313173.0, 3795925.0 ], [ 312673.0, 3795925.0 ] ] ] } },
{ "type": "Feature", "properties": { "grid_id": 762, "area_km2": 0.25, "distance_to_bell_m": 4625.109532275269, "distance_to_bell_km": 4.6251095322752693, "final_grid_id": 762.0, "poi_total": 223.0, "final_grid_id_cat": 762.0, "catering": 82.0, "life_service": 64.0, "shopping": 77.0, "poi_density": 892.0, "road_length_m": 3864.9079442693101, "road_density_km_per_km2": 15.45963177707724, "intersection_count": 11.0, "mean_intersection_degree": 3.6363636363636362, "intersection_density_n_per_km2": 44.0, "model_fitted": 558.28066280055327, "model_residual": 333.71933719944673 }, "geometry": { "type": "Polygon", "coordinates": [ [ [ 313673.0, 3795925.0 ], [ 313673.0, 3796425.0 ], [ 314173.0, 3796425.0 ], [ 314173.0, 3795925.0 ], [ 313673.0, 3795925.0 ] ] ] } },
{ "type": "Feature", "properties": { "grid_id": 763, "area_km2": 0.25, "distance_to_bell_m": 4273.9328920824591, "distance_to_bell_km": 4.2739328920824589, "final_grid_id": 763.0, "poi_total": 221.0, "final_grid_id_cat": 763.0, "catering": 36.0, "life_service": 42.0, "shopping": 143.0, "poi_density": 884.0, "road_length_m": 3967.1081664111143, "road_density_km_per_km2": 15.868432665644457, "intersection_count": 7.0, "mean_intersection_degree": 3.4285714285714284, "intersection_density_n_per_km2": 28.0, "model_fitted": 584.44794524784606, "model_residual": 299.55205475215394 }, "geometry": { "type": "Polygon", "coordinates": [ [ [ 313173.0, 3795925.0 ], [ 313173.0, 3796425.0 ], [ 313673.0, 3796425.0 ], [ 313673.0, 3795925.0 ], [ 313173.0, 3795925.0 ] ] ] } },
{ "type": "Feature", "properties": { "grid_id": 764, "area_km2": 0.25, "distance_to_bell_m": 4365.0497644926591, "distance_to_bell_km": 4.3650497644926594, "final_grid_id": null, "poi_total": 0.0, "final_grid_id_cat": null, "catering": 0.0, "life_service": 0.0, "shopping": 0.0, "poi_density": 0.0, "road_length_m": 2345.9352990727971, "road_density_km_per_km2": 9.3837411962911883, "intersection_count": 4.0, "mean_intersection_degree": 3.25, "intersection_density_n_per_km2": 16.0, "model_fitted": 549.39421362457961, "model_residual": -549.39421362457961 }, "geometry": { "type": "Polygon", "coordinates": [ [ [ 312673.0, 3796425.0 ], [ 312673.0, 3796925.0 ], [ 313173.0, 3796925.0 ], [ 313173.0, 3796425.0 ], [ 312673.0, 3796425.0 ] ] ] } },
{ "type": "Feature", "properties": { "grid_id": 765, "area_km2": 0.25, "distance_to_bell_m": 4980.3545140417336, "distance_to_bell_km": 4.9803545140417338, "final_grid_id": 765.0, "poi_total": 115.0, "final_grid_id_cat": 765.0, "catering": 40.0, "life_service": 31.0, "shopping": 44.0, "poi_density": 460.0, "road_length_m": 3513.2322502623701, "road_density_km_per_km2": 14.052929001049481, "intersection_count": 7.0, "mean_intersection_degree": 3.5714285714285716, "intersection_density_n_per_km2": 28.0, "model_fitted": 498.36087913930317, "model_residual": -38.360879139303165 }, "geometry": { "type": "Polygon", "coordinates": [ [ [ 313673.0, 3796425.0 ], [ 313673.0, 3796925.0 ], [ 314173.0, 3796925.0 ], [ 314173.0, 3796425.0 ], [ 313673.0, 3796425.0 ] ] ] } },
{ "type": "Feature", "properties": { "grid_id": 769, "area_km2": 0.25, "distance_to_bell_m": 4701.5402906994714, "distance_to_bell_km": 4.7015402906994712, "final_grid_id": 769.0, "poi_total": 101.0, "final_grid_id_cat": 769.0, "catering": 14.0, "life_service": 51.0, "shopping": 36.0, "poi_density": 404.0, "road_length_m": 1845.5852495072029, "road_density_km_per_km2": 7.3823409980288117, "intersection_count": 4.0, "mean_intersection_degree": 3.0, "intersection_density_n_per_km2": 16.0, "model_fitted": 469.72181783515055, "model_residual": -65.721817835150546 }, "geometry": { "type": "Polygon", "coordinates": [ [ [ 314173.0, 3795425.0 ], [ 314173.0, 3795925.0 ], [ 314673.0, 3795925.0 ], [ 314673.0, 3795425.0 ], [ 314173.0, 3795425.0 ] ] ] } },
{ "type": "Feature", "properties": { "grid_id": 806, "area_km2": 0.25, "distance_to_bell_m": 4656.0493195429799, "distance_to_bell_km": 4.65604931954298, "final_grid_id": 806.0, "poi_total": 133.0, "final_grid_id_cat": 806.0, "catering": 54.0, "life_service": 29.0, "shopping": 50.0, "poi_density": 532.0, "road_length_m": 3881.5303566047064, "road_density_km_per_km2": 15.526121426418825, "intersection_count": 6.0, "mean_intersection_degree": 3.3333333333333335, "intersection_density_n_per_km2": 24.0, "model_fitted": 516.90878337454387, "model_residual": 15.091216625456127 }, "geometry": { "type": "Polygon", "coordinates": [ [ [ 313173.0, 3796425.0 ], [ 313173.0, 3796925.0 ], [ 313673.0, 3796925.0 ], [ 313673.0, 3796425.0 ], [ 313173.0, 3796425.0 ] ] ] } },
{ "type": "Feature", "properties": { "grid_id": 809, "area_km2": 0.25, "distance_to_bell_m": 4792.2804953894065, "distance_to_bell_km": 4.7922804953894067, "final_grid_id": 809.0, "poi_total": 4.0, "final_grid_id_cat": 809.0, "catering": 3.0, "life_service": 1.0, "shopping": 0.0, "poi_density": 16.0, "road_length_m": 2423.8269262947756, "road_density_km_per_km2": 9.6953077051791023, "intersection_count": 3.0, "mean_intersection_degree": 3.3333333333333335, "intersection_density_n_per_km2": 12.0, "model_fitted": 496.95784093054795, "model_residual": -480.95784093054795 }, "geometry": { "type": "Polygon", "coordinates": [ [ [ 312673.0, 3796925.0 ], [ 312673.0, 3797425.0 ], [ 313173.0, 3797425.0 ], [ 313173.0, 3796925.0 ], [ 312673.0, 3796925.0 ] ] ] } },
{ "type": "Feature", "properties": { "grid_id": 1199, "area_km2": 0.25, "distance_to_bell_m": 4852.2300922927298, "distance_to_bell_km": 4.8522300922927295, "final_grid_id": 1199.0, "poi_total": 161.0, "final_grid_id_cat": 1199.0, "catering": 40.0, "life_service": 51.0, "shopping": 70.0, "poi_density": 644.0, "road_length_m": 3094.1837266720404, "road_density_km_per_km2": 12.376734906688162, "intersection_count": 3.0, "mean_intersection_degree": 3.6666666666666665, "intersection_density_n_per_km2": 12.0, "model_fitted": 528.70312293786174, "model_residual": 115.29687706213826 }, "geometry": { "type": "Polygon", "coordinates": [ [ [ 310673.0, 3787925.0 ], [ 310673.0, 3788425.0 ], [ 311173.0, 3788425.0 ], [ 311173.0, 3787925.0 ], [ 310673.0, 3787925.0 ] ] ] } },
{ "type": "Feature", "properties": { "grid_id": 1200, "area_km2": 0.25, "distance_to_bell_m": 4916.225451306148, "distance_to_bell_km": 4.9162254513061479, "final_grid_id": 1200.0, "poi_total": 155.0, "final_grid_id_cat": 1200.0, "catering": 51.0, "life_service": 52.0, "shopping": 52.0, "poi_density": 620.0, "road_length_m": 2169.9514256144039, "road_density_km_per_km2": 8.6798057024576156, "intersection_count": 4.0, "mean_intersection_degree": 4.0, "intersection_density_n_per_km2": 16.0, "model_fitted": 559.85590644768308, "model_residual": 60.144093552316917 }, "geometry": { "type": "Polygon", "coordinates": [ [ [ 311173.0, 3787925.0 ], [ 311173.0, 3788425.0 ], [ 311673.0, 3788425.0 ], [ 311673.0, 3787925.0 ], [ 311173.0, 3787925.0 ] ] ] } },
{ "type": "Feature", "properties": { "grid_id": 1203, "area_km2": 0.25, "distance_to_bell_m": 4550.4616697190067, "distance_to_bell_km": 4.5504616697190068, "final_grid_id": 1203.0, "poi_total": 103.0, "final_grid_id_cat": 1203.0, "catering": 34.0, "life_service": 25.0, "shopping": 44.0, "poi_density": 412.0, "road_length_m": 2050.8178733094264, "road_density_km_per_km2": 8.2032714932377058, "intersection_count": 5.0, "mean_intersection_degree": 3.6, "intersection_density_n_per_km2": 20.0, "model_fitted": 564.79188741544147, "model_residual": -152.79188741544147 }, "geometry": { "type": "Polygon", "coordinates": [ [ [ 311673.0, 3788425.0 ], [ 311673.0, 3788925.0 ], [ 312173.0, 3788925.0 ], [ 312173.0, 3788425.0 ], [ 311673.0, 3788425.0 ] ] ] } },
{ "type": "Feature", "properties": { "grid_id": 1204, "area_km2": 0.25, "distance_to_bell_m": 4425.1062798607063, "distance_to_bell_km": 4.4251062798607066, "final_grid_id": 1204.0, "poi_total": 150.0, "final_grid_id_cat": 1204.0, "catering": 55.0, "life_service": 35.0, "shopping": 60.0, "poi_density": 600.0, "road_length_m": 2863.1508389244354, "road_density_km_per_km2": 11.452603355697741, "intersection_count": 6.0, "mean_intersection_degree": 3.8333333333333335, "intersection_density_n_per_km2": 24.0, "model_fitted": 611.51747548668891, "model_residual": -11.517475486688909 }, "geometry": { "type": "Polygon", "coordinates": [ [ [ 311173.0, 3788425.0 ], [ 311173.0, 3788925.0 ], [ 311673.0, 3788925.0 ], [ 311673.0, 3788425.0 ], [ 311173.0, 3788425.0 ] ] ] } },
{ "type": "Feature", "properties": { "grid_id": 1214, "area_km2": 0.25, "distance_to_bell_m": 4632.0499231405647, "distance_to_bell_km": 4.6320499231405643, "final_grid_id": 1214.0, "poi_total": 276.0, "final_grid_id_cat": 1214.0, "catering": 95.0, "life_service": 64.0, "shopping": 117.0, "poi_density": 1104.0, "road_length_m": 2731.039001144778, "road_density_km_per_km2": 10.924156004579112, "intersection_count": 11.0, "mean_intersection_degree": 3.3636363636363638, "intersection_density_n_per_km2": 44.0, "model_fitted": 524.10755235557508, "model_residual": 579.89244764442492 }, "geometry": { "type": "Polygon", "coordinates": [ [ [ 308673.0, 3788425.0 ], [ 308673.0, 3788925.0 ], [ 309173.0, 3788925.0 ], [ 309173.0, 3788425.0 ], [ 308673.0, 3788425.0 ] ] ] } },
{ "type": "Feature", "properties": { "grid_id": 1218, "area_km2": 0.25, "distance_to_bell_m": 4966.762467643628, "distance_to_bell_km": 4.9667624676436279, "final_grid_id": 1218.0, "poi_total": 219.0, "final_grid_id_cat": 1218.0, "catering": 74.0, "life_service": 45.0, "shopping": 100.0, "poi_density": 876.0, "road_length_m": 3219.7927343755127, "road_density_km_per_km2": 12.879170937502051, "intersection_count": 5.0, "mean_intersection_degree": 3.2, "intersection_density_n_per_km2": 20.0, "model_fitted": 455.19516089988309, "model_residual": 420.80483910011691 }, "geometry": { "type": "Polygon", "coordinates": [ [ [ 309173.0, 3787925.0 ], [ 309173.0, 3788425.0 ], [ 309673.0, 3788425.0 ], [ 309673.0, 3787925.0 ], [ 309173.0, 3787925.0 ] ] ] } },
{ "type": "Feature", "properties": { "grid_id": 1219, "area_km2": 0.25, "distance_to_bell_m": 4877.895573863042, "distance_to_bell_km": 4.8778955738630421, "final_grid_id": 1219.0, "poi_total": 177.0, "final_grid_id_cat": 1219.0, "catering": 84.0, "life_service": 55.0, "shopping": 38.0, "poi_density": 708.0, "road_length_m": 3357.0942378164632, "road_density_km_per_km2": 13.428376951265852, "intersection_count": 11.0, "mean_intersection_degree": 3.6363636363636362, "intersection_density_n_per_km2": 44.0, "model_fitted": 521.26035716912759, "model_residual": 186.73964283087241 }, "geometry": { "type": "Polygon", "coordinates": [ [ [ 309673.0, 3787925.0 ], [ 309673.0, 3788425.0 ], [ 310173.0, 3788425.0 ], [ 310173.0, 3787925.0 ], [ 309673.0, 3787925.0 ] ] ] } },
{ "type": "Feature", "properties": { "grid_id": 1220, "area_km2": 0.25, "distance_to_bell_m": 4839.3182421733627, "distance_to_bell_km": 4.8393182421733627, "final_grid_id": 1220.0, "poi_total": 24.0, "final_grid_id_cat": 1220.0, "catering": 6.0, "life_service": 12.0, "shopping": 6.0, "poi_density": 96.0, "road_length_m": 2886.1148104190388, "road_density_km_per_km2": 11.544459241676154, "intersection_count": 3.0, "mean_intersection_degree": 3.0, "intersection_density_n_per_km2": 12.0, "model_fitted": 449.54435138645761, "model_residual": -353.54435138645761 }, "geometry": { "type": "Polygon", "coordinates": [ [ [ 310173.0, 3787925.0 ], [ 310173.0, 3788425.0 ], [ 310673.0, 3788425.0 ], [ 310673.0, 3787925.0 ], [ 310173.0, 3787925.0 ] ] ] } },
{ "type": "Feature", "properties": { "grid_id": 1221, "area_km2": 0.25, "distance_to_bell_m": 4481.1853688489318, "distance_to_bell_km": 4.4811853688489318, "final_grid_id": 1221.0, "poi_total": 540.0, "final_grid_id_cat": 1221.0, "catering": 195.0, "life_service": 147.0, "shopping": 198.0, "poi_density": 2160.0, "road_length_m": 2659.8509335884028, "road_density_km_per_km2": 10.639403734353611, "intersection_count": 7.0, "mean_intersection_degree": 3.5714285714285716, "intersection_density_n_per_km2": 28.0, "model_fitted": 571.46378545780181, "model_residual": 1588.5362145421982 }, "geometry": { "type": "Polygon", "coordinates": [ [ [ 309173.0, 3788425.0 ], [ 309173.0, 3788925.0 ], [ 309673.0, 3788925.0 ], [ 309673.0, 3788425.0 ], [ 309173.0, 3788425.0 ] ] ] } },
{ "type": "Feature", "properties": { "grid_id": 1222, "area_km2": 0.25, "distance_to_bell_m": 4382.4831008807059, "distance_to_bell_km": 4.3824831008807061, "final_grid_id": 1222.0, "poi_total": 186.0, "final_grid_id_cat": 1222.0, "catering": 49.0, "life_service": 64.0, "shopping": 73.0, "poi_density": 744.0, "road_length_m": 8148.7673614356718, "road_density_km_per_km2": 32.595069445742688, "intersection_count": 37.0, "mean_intersection_degree": 3.6756756756756759, "intersection_density_n_per_km2": 148.0, "model_fitted": 598.59244552924031, "model_residual": 145.40755447075969 }, "geometry": { "type": "Polygon", "coordinates": [ [ [ 309673.0, 3788425.0 ], [ 309673.0, 3788925.0 ], [ 310173.0, 3788925.0 ], [ 310173.0, 3788425.0 ], [ 309673.0, 3788425.0 ] ] ] } },
{ "type": "Feature", "properties": { "grid_id": 1223, "area_km2": 0.25, "distance_to_bell_m": 4339.503882821653, "distance_to_bell_km": 4.3395038828216528, "final_grid_id": 1223.0, "poi_total": 151.0, "final_grid_id_cat": 1223.0, "catering": 51.0, "life_service": 25.0, "shopping": 75.0, "poi_density": 604.0, "road_length_m": 5645.2001215015171, "road_density_km_per_km2": 22.580800486006069, "intersection_count": 20.0, "mean_intersection_degree": 3.6, "intersection_density_n_per_km2": 80.0, "model_fitted": 595.68647992227295, "model_residual": 8.3135200777270484 }, "geometry": { "type": "Polygon", "coordinates": [ [ [ 310173.0, 3788425.0 ], [ 310173.0, 3788925.0 ], [ 310673.0, 3788925.0 ], [ 310673.0, 3788425.0 ], [ 310173.0, 3788425.0 ] ] ] } },
{ "type": "Feature", "properties": { "grid_id": 1224, "area_km2": 0.25, "distance_to_bell_m": 3999.1643139508601, "distance_to_bell_km": 3.9991643139508599, "final_grid_id": 1224.0, "poi_total": 295.0, "final_grid_id_cat": 1224.0, "catering": 92.0, "life_service": 110.0, "shopping": 93.0, "poi_density": 1180.0, "road_length_m": 1224.2637852142489, "road_density_km_per_km2": 4.8970551408569953, "intersection_count": 0.0, "mean_intersection_degree": 0.0, "intersection_density_n_per_km2": 0.0, "model_fitted": 207.86053999384808, "model_residual": 972.13946000615192 }, "geometry": { "type": "Polygon", "coordinates": [ [ [ 309173.0, 3788925.0 ], [ 309173.0, 3789425.0 ], [ 309673.0, 3789425.0 ], [ 309673.0, 3788925.0 ], [ 309173.0, 3788925.0 ] ] ] } },
{ "type": "Feature", "properties": { "grid_id": 1225, "area_km2": 0.25, "distance_to_bell_m": 4725.6573328057884, "distance_to_bell_km": 4.7256573328057883, "final_grid_id": 1225.0, "poi_total": 258.0, "final_grid_id_cat": 1225.0, "catering": 50.0, "life_service": 43.0, "shopping": 165.0, "poi_density": 1032.0, "road_length_m": 3746.7320539508792, "road_density_km_per_km2": 14.986928215803516, "intersection_count": 4.0, "mean_intersection_degree": 3.25, "intersection_density_n_per_km2": 16.0, "model_fitted": 496.58353504396683, "model_residual": 535.41646495603322 }, "geometry": { "type": "Polygon", "coordinates": [ [ [ 312173.0, 3788425.0 ], [ 312173.0, 3788925.0 ], [ 312673.0, 3788925.0 ], [ 312673.0, 3788425.0 ], [ 312173.0, 3788425.0 ] ] ] } },
{ "type": "Feature", "properties": { "grid_id": 1226, "area_km2": 0.25, "distance_to_bell_m": 4353.8982267094198, "distance_to_bell_km": 4.3538982267094202, "final_grid_id": 1226.0, "poi_total": 596.0, "final_grid_id_cat": 1226.0, "catering": 195.0, "life_service": 190.0, "shopping": 211.0, "poi_density": 2384.0, "road_length_m": 5873.9154997781307, "road_density_km_per_km2": 23.495661999112521, "intersection_count": 15.0, "mean_intersection_degree": 3.2, "intersection_density_n_per_km2": 60.0, "model_fitted": 544.94861946685137, "model_residual": 1839.0513805331486 }, "geometry": { "type": "Polygon", "coordinates": [ [ [ 310673.0, 3788425.0 ], [ 310673.0, 3788925.0 ], [ 311173.0, 3788925.0 ], [ 311173.0, 3788425.0 ], [ 310673.0, 3788425.0 ] ] ] } },
{ "type": "Feature", "properties": { "grid_id": 1227, "area_km2": 0.25, "distance_to_bell_m": 3936.2238869321159, "distance_to_bell_km": 3.9362238869321158, "final_grid_id": 1227.0, "poi_total": 77.0, "final_grid_id_cat": 1227.0, "catering": 30.0, "life_service": 19.0, "shopping": 28.0, "poi_density": 308.0, "road_length_m": 4936.3497059888086, "road_density_km_per_km2": 19.745398823955234, "intersection_count": 14.0, "mean_intersection_degree": 3.5714285714285716, "intersection_density_n_per_km2": 56.0, "model_fitted": 651.27294141908988, "model_residual": -343.27294141908988 }, "geometry": { "type": "Polygon", "coordinates": [ [ [ 311173.0, 3788925.0 ], [ 311173.0, 3789425.0 ], [ 311673.0, 3789425.0 ], [ 311673.0, 3788925.0 ], [ 311173.0, 3788925.0 ] ] ] } },
{ "type": "Feature", "properties": { "grid_id": 1228, "area_km2": 0.25, "distance_to_bell_m": 3855.9982713346417, "distance_to_bell_km": 3.8559982713346419, "final_grid_id": 1228.0, "poi_total": 520.0, "final_grid_id_cat": 1228.0, "catering": 192.0, "life_service": 138.0, "shopping": 190.0, "poi_density": 2080.0, "road_length_m": 6067.8736139840166, "road_density_km_per_km2": 24.271494455936068, "intersection_count": 21.0, "mean_intersection_degree": 3.0952380952380953, "intersection_density_n_per_km2": 84.0, "model_fitted": 605.1292723640222, "model_residual": 1474.8707276359778 }, "geometry": { "type": "Polygon", "coordinates": [ [ [ 310673.0, 3788925.0 ], [ 310673.0, 3789425.0 ], [ 311173.0, 3789425.0 ], [ 311173.0, 3788925.0 ], [ 310673.0, 3788925.0 ] ] ] } },
{ "type": "Feature", "properties": { "grid_id": 1229, "area_km2": 0.25, "distance_to_bell_m": 4271.3148007485279, "distance_to_bell_km": 4.2713148007485282, "final_grid_id": 1229.0, "poi_total": 80.0, "final_grid_id_cat": 1229.0, "catering": 19.0, "life_service": 18.0, "shopping": 43.0, "poi_density": 320.0, "road_length_m": 5369.2943269331718, "road_density_km_per_km2": 21.477177307732688, "intersection_count": 19.0, "mean_intersection_degree": 3.736842105263158, "intersection_density_n_per_km2": 76.0, "model_fitted": 622.30923192988143, "model_residual": -302.30923192988143 }, "geometry": { "type": "Polygon", "coordinates": [ [ [ 312173.0, 3788925.0 ], [ 312173.0, 3789425.0 ], [ 312673.0, 3789425.0 ], [ 312673.0, 3788925.0 ], [ 312173.0, 3788925.0 ] ] ] } },
{ "type": "Feature", "properties": { "grid_id": 1230, "area_km2": 0.25, "distance_to_bell_m": 4076.6400757945512, "distance_to_bell_km": 4.0766400757945513, "final_grid_id": 1230.0, "poi_total": 176.0, "final_grid_id_cat": 1230.0, "catering": 74.0, "life_service": 49.0, "shopping": 53.0, "poi_density": 704.0, "road_length_m": 6480.3477962537381, "road_density_km_per_km2": 25.921391185014951, "intersection_count": 18.0, "mean_intersection_degree": 3.3333333333333335, "intersection_density_n_per_km2": 72.0, "model_fitted": 601.76278541718511, "model_residual": 102.23721458281489 }, "geometry": { "type": "Polygon", "coordinates": [ [ [ 311673.0, 3788925.0 ], [ 311673.0, 3789425.0 ], [ 312173.0, 3789425.0 ], [ 312173.0, 3788925.0 ], [ 311673.0, 3788925.0 ] ] ] } },
{ "type": "Feature", "properties": { "grid_id": 1231, "area_km2": 0.25, "distance_to_bell_m": 3609.8874231153691, "distance_to_bell_km": 3.609887423115369, "final_grid_id": 1231.0, "poi_total": 8.0, "final_grid_id_cat": 1231.0, "catering": 3.0, "life_service": 4.0, "shopping": 1.0, "poi_density": 32.0, "road_length_m": 6197.1481267679546, "road_density_km_per_km2": 24.788592507071819, "intersection_count": 25.0, "mean_intersection_degree": 3.2, "intersection_density_n_per_km2": 100.0, "model_fitted": 653.90838310384288, "model_residual": -621.90838310384288 }, "geometry": { "type": "Polygon", "coordinates": [ [ [ 311673.0, 3789425.0 ], [ 311673.0, 3789925.0 ], [ 312173.0, 3789925.0 ], [ 312173.0, 3789425.0 ], [ 311673.0, 3789425.0 ] ] ] } },
{ "type": "Feature", "properties": { "grid_id": 1232, "area_km2": 0.25, "distance_to_bell_m": 3450.5291460944495, "distance_to_bell_km": 3.4505291460944494, "final_grid_id": 1232.0, "poi_total": 121.0, "final_grid_id_cat": 1232.0, "catering": 49.0, "life_service": 30.0, "shopping": 42.0, "poi_density": 484.0, "road_length_m": 4451.0368794509868, "road_density_km_per_km2": 17.804147517803948, "intersection_count": 13.0, "mean_intersection_degree": 3.3076923076923075, "intersection_density_n_per_km2": 52.0, "model_fitted": 690.33891433842859, "model_residual": -206.33891433842859 }, "geometry": { "type": "Polygon", "coordinates": [ [ [ 311173.0, 3789425.0 ], [ 311173.0, 3789925.0 ], [ 311673.0, 3789925.0 ], [ 311673.0, 3789425.0 ], [ 311173.0, 3789425.0 ] ] ] } },
{ "type": "Feature", "properties": { "grid_id": 1233, "area_km2": 0.25, "distance_to_bell_m": 3358.7223119108939, "distance_to_bell_km": 3.3587223119108938, "final_grid_id": 1233.0, "poi_total": 152.0, "final_grid_id_cat": 1233.0, "catering": 39.0, "life_service": 59.0, "shopping": 54.0, "poi_density": 608.0, "road_length_m": 3947.113344222837, "road_density_km_per_km2": 15.788453376891347, "intersection_count": 18.0, "mean_intersection_degree": 3.3333333333333335, "intersection_density_n_per_km2": 72.0, "model_fitted": 706.90124508159829, "model_residual": -98.90124508159829 }, "geometry": { "type": "Polygon", "coordinates": [ [ [ 310673.0, 3789425.0 ], [ 310673.0, 3789925.0 ], [ 311173.0, 3789925.0 ], [ 311173.0, 3789425.0 ], [ 310673.0, 3789425.0 ] ] ] } },
{ "type": "Feature", "properties": { "grid_id": 1234, "area_km2": 0.25, "distance_to_bell_m": 3828.3708058501534, "distance_to_bell_km": 3.8283708058501533, "final_grid_id": 1234.0, "poi_total": 229.0, "final_grid_id_cat": 1234.0, "catering": 16.0, "life_service": 58.0, "shopping": 155.0, "poi_density": 916.0, "road_length_m": 5988.7944527287973, "road_density_km_per_km2": 23.955177810915188, "intersection_count": 20.0, "mean_intersection_degree": 3.3, "intersection_density_n_per_km2": 80.0, "model_fitted": 634.0691285332116, "model_residual": 281.9308714667884 }, "geometry": { "type": "Polygon", "coordinates": [ [ [ 312173.0, 3789425.0 ], [ 312173.0, 3789925.0 ], [ 312673.0, 3789925.0 ], [ 312673.0, 3789425.0 ], [ 312173.0, 3789425.0 ] ] ] } },
{ "type": "Feature", "properties": { "grid_id": 1236, "area_km2": 0.25, "distance_to_bell_m": 4830.1915770440492, "distance_to_bell_km": 4.8301915770440491, "final_grid_id": 1236.0, "poi_total": 87.0, "final_grid_id_cat": 1236.0, "catering": 26.0, "life_service": 33.0, "shopping": 28.0, "poi_density": 348.0, "road_length_m": 3424.9723627191688, "road_density_km_per_km2": 13.699889450876675, "intersection_count": 5.0, "mean_intersection_degree": 3.4, "intersection_density_n_per_km2": 20.0, "model_fitted": 499.51076466710145, "model_residual": -151.51076466710145 }, "geometry": { "type": "Polygon", "coordinates": [ [ [ 308173.0, 3788425.0 ], [ 308173.0, 3788925.0 ], [ 308673.0, 3788925.0 ], [ 308673.0, 3788425.0 ], [ 308173.0, 3788425.0 ] ] ] } },
{ "type": "Feature", "properties": { "grid_id": 1237, "area_km2": 0.25, "distance_to_bell_m": 4649.5061836092191, "distance_to_bell_km": 4.6495061836092191, "final_grid_id": 1237.0, "poi_total": 177.0, "final_grid_id_cat": 1237.0, "catering": 36.0, "life_service": 69.0, "shopping": 72.0, "poi_density": 708.0, "road_length_m": 2574.2208472998327, "road_density_km_per_km2": 10.296883389199332, "intersection_count": 9.0, "mean_intersection_degree": 3.4444444444444446, "intersection_density_n_per_km2": 36.0, "model_fitted": 531.37530373674008, "model_residual": 176.62469626325992 }, "geometry": { "type": "Polygon", "coordinates": [ [ [ 307673.0, 3788925.0 ], [ 307673.0, 3789425.0 ], [ 308173.0, 3789425.0 ], [ 308173.0, 3788925.0 ], [ 307673.0, 3788925.0 ] ] ] } },
{ "type": "Feature", "properties": { "grid_id": 1238, "area_km2": 0.25, "distance_to_bell_m": 4167.5147738740925, "distance_to_bell_km": 4.1675147738740925, "final_grid_id": 1238.0, "poi_total": 220.0, "final_grid_id_cat": 1238.0, "catering": 65.0, "life_service": 72.0, "shopping": 83.0, "poi_density": 880.0, "road_length_m": 5733.9248489762831, "road_density_km_per_km2": 22.935699395905132, "intersection_count": 16.0, "mean_intersection_degree": 3.4375, "intersection_density_n_per_km2": 64.0, "model_fitted": 601.11827725701175, "model_residual": 278.88172274298825 }, "geometry": { "type": "Polygon", "coordinates": [ [ [ 308673.0, 3788925.0 ], [ 308673.0, 3789425.0 ], [ 309173.0, 3789425.0 ], [ 309173.0, 3788925.0 ], [ 308673.0, 3788925.0 ] ] ] } },
{ "type": "Feature", "properties": { "grid_id": 1239, "area_km2": 0.25, "distance_to_bell_m": 4949.0172693072245, "distance_to_bell_km": 4.949017269307225, "final_grid_id": 1239.0, "poi_total": 158.0, "final_grid_id_cat": 1239.0, "catering": 43.0, "life_service": 53.0, "shopping": 62.0, "poi_density": 632.0, "road_length_m": 3743.6365734451529, "road_density_km_per_km2": 14.974546293780611, "intersection_count": 10.0, "mean_intersection_degree": 3.7, "intersection_density_n_per_km2": 40.0, "model_fitted": 518.58120639352876, "model_residual": 113.41879360647124 }, "geometry": { "type": "Polygon", "coordinates": [ [ [ 307173.0, 3788925.0 ], [ 307173.0, 3789425.0 ], [ 307673.0, 3789425.0 ], [ 307673.0, 3788925.0 ], [ 307173.0, 3788925.0 ] ] ] } },
{ "type": "Feature", "properties": { "grid_id": 1240, "area_km2": 0.25, "distance_to_bell_m": 4386.6893633969112, "distance_to_bell_km": 4.3866893633969113, "final_grid_id": 1240.0, "poi_total": 170.0, "final_grid_id_cat": 1240.0, "catering": 50.0, "life_service": 65.0, "shopping": 55.0, "poi_density": 680.0, "road_length_m": 3098.906664936545, "road_density_km_per_km2": 12.395626659746179, "intersection_count": 10.0, "mean_intersection_degree": 3.7, "intersection_density_n_per_km2": 40.0, "model_fitted": 600.93366071071512, "model_residual": 79.066339289284883 }, "geometry": { "type": "Polygon", "coordinates": [ [ [ 308173.0, 3788925.0 ], [ 308173.0, 3789425.0 ], [ 308673.0, 3789425.0 ], [ 308673.0, 3788925.0 ], [ 308173.0, 3788925.0 ] ] ] } },
{ "type": "Feature", "properties": { "grid_id": 1241, "area_km2": 0.25, "distance_to_bell_m": 4246.1983763612225, "distance_to_bell_km": 4.2461983763612228, "final_grid_id": 1241.0, "poi_total": 89.0, "final_grid_id_cat": 1241.0, "catering": 30.0, "life_service": 23.0, "shopping": 36.0, "poi_density": 356.0, "road_length_m": 3299.2429694377538, "road_density_km_per_km2": 13.196971877751015, "intersection_count": 7.0, "mean_intersection_degree": 3.5714285714285716, "intersection_density_n_per_km2": 28.0, "model_fitted": 605.87743514614488, "model_residual": -249.87743514614488 }, "geometry": { "type": "Polygon", "coordinates": [ [ [ 307673.0, 3789425.0 ], [ 307673.0, 3789925.0 ], [ 308173.0, 3789925.0 ], [ 308173.0, 3789425.0 ], [ 307673.0, 3789425.0 ] ] ] } },
{ "type": "Feature", "properties": { "grid_id": 1242, "area_km2": 0.25, "distance_to_bell_m": 3712.2058523809187, "distance_to_bell_km": 3.7122058523809187, "final_grid_id": 1242.0, "poi_total": 160.0, "final_grid_id_cat": 1242.0, "catering": 48.0, "life_service": 45.0, "shopping": 67.0, "poi_density": 640.0, "road_length_m": 5001.613666073551, "road_density_km_per_km2": 20.006454664294203, "intersection_count": 21.0, "mean_intersection_degree": 3.1428571428571428, "intersection_density_n_per_km2": 84.0, "model_fitted": 631.97681695108281, "model_residual": 8.0231830489171898 }, "geometry": { "type": "Polygon", "coordinates": [ [ [ 308673.0, 3789425.0 ], [ 308673.0, 3789925.0 ], [ 309173.0, 3789925.0 ], [ 309173.0, 3789425.0 ], [ 308673.0, 3789425.0 ] ] ] } },
{ "type": "Feature", "properties": { "grid_id": 1243, "area_km2": 0.25, "distance_to_bell_m": 4572.2056856503568, "distance_to_bell_km": 4.5722056856503572, "final_grid_id": 1243.0, "poi_total": 298.0, "final_grid_id_cat": 1243.0, "catering": 100.0, "life_service": 80.0, "shopping": 118.0, "poi_density": 1192.0, "road_length_m": 3814.1537748316841, "road_density_km_per_km2": 15.256615099326737, "intersection_count": 9.0, "mean_intersection_degree": 3.3333333333333335, "intersection_density_n_per_km2": 36.0, "model_fitted": 529.18761385291305, "model_residual": 662.81238614708695 }, "geometry": { "type": "Polygon", "coordinates": [ [ [ 307173.0, 3789425.0 ], [ 307173.0, 3789925.0 ], [ 307673.0, 3789925.0 ], [ 307673.0, 3789425.0 ], [ 307173.0, 3789425.0 ] ] ] } },
{ "type": "Feature", "properties": { "grid_id": 1244, "area_km2": 0.25, "distance_to_bell_m": 3956.6825082298319, "distance_to_bell_km": 3.9566825082298318, "final_grid_id": 1244.0, "poi_total": 58.0, "final_grid_id_cat": 1244.0, "catering": 22.0, "life_service": 9.0, "shopping": 27.0, "poi_density": 232.0, "road_length_m": 2330.5777180688497, "road_density_km_per_km2": 9.3223108722753985, "intersection_count": 5.0, "mean_intersection_degree": 3.4, "intersection_density_n_per_km2": 20.0, "model_fitted": 627.43544158442273, "model_residual": -395.43544158442273 }, "geometry": { "type": "Polygon", "coordinates": [ [ [ 308173.0, 3789425.0 ], [ 308173.0, 3789925.0 ], [ 308673.0, 3789925.0 ], [ 308673.0, 3789425.0 ], [ 308173.0, 3789425.0 ] ] ] } },
{ "type": "Feature", "properties": { "grid_id": 1245, "area_km2": 0.25, "distance_to_bell_m": 3839.7378620182544, "distance_to_bell_km": 3.8397378620182545, "final_grid_id": 1245.0, "poi_total": 125.0, "final_grid_id_cat": 1245.0, "catering": 63.0, "life_service": 27.0, "shopping": 35.0, "poi_density": 500.0, "road_length_m": 5322.1066264054407, "road_density_km_per_km2": 21.288426505621764, "intersection_count": 18.0, "mean_intersection_degree": 3.3888888888888888, "intersection_density_n_per_km2": 72.0, "model_fitted": 643.21105944321835, "model_residual": -143.21105944321835 }, "geometry": { "type": "Polygon", "coordinates": [ [ [ 310173.0, 3788925.0 ], [ 310173.0, 3789425.0 ], [ 310673.0, 3789425.0 ], [ 310673.0, 3788925.0 ], [ 310173.0, 3788925.0 ] ] ] } },
{ "type": "Feature", "properties": { "grid_id": 1246, "area_km2": 0.25, "distance_to_bell_m": 3888.2452378286639, "distance_to_bell_km": 3.8882452378286638, "final_grid_id": 1246.0, "poi_total": 60.0, "final_grid_id_cat": 1246.0, "catering": 15.0, "life_service": 23.0, "shopping": 22.0, "poi_density": 240.0, "road_length_m": 7768.4412593638099, "road_density_km_per_km2": 31.073765037455239, "intersection_count": 29.0, "mean_intersection_degree": 3.4137931034482758, "intersection_density_n_per_km2": 116.0, "model_fitted": 639.1349133089177, "model_residual": -399.1349133089177 }, "geometry": { "type": "Polygon", "coordinates": [ [ [ 309673.0, 3788925.0 ], [ 309673.0, 3789425.0 ], [ 310173.0, 3789425.0 ], [ 310173.0, 3788925.0 ], [ 309673.0, 3788925.0 ] ] ] } },
{ "type": "Feature", "properties": { "grid_id": 1247, "area_km2": 0.25, "distance_to_bell_m": 3340.0418783315922, "distance_to_bell_km": 3.3400418783315922, "final_grid_id": 1247.0, "poi_total": 117.0, "final_grid_id_cat": 1247.0, "catering": 21.0, "life_service": 14.0, "shopping": 82.0, "poi_density": 468.0, "road_length_m": 6288.0120298763268, "road_density_km_per_km2": 25.152048119505306, "intersection_count": 28.0, "mean_intersection_degree": 3.2142857142857144, "intersection_density_n_per_km2": 112.0, "model_fitted": 695.16381810840005, "model_residual": -227.16381810840005 }, "geometry": { "type": "Polygon", "coordinates": [ [ [ 310173.0, 3789425.0 ], [ 310173.0, 3789925.0 ], [ 310673.0, 3789925.0 ], [ 310673.0, 3789425.0 ], [ 310173.0, 3789425.0 ] ] ] } },
{ "type": "Feature", "properties": { "grid_id": 1248, "area_km2": 0.25, "distance_to_bell_m": 3522.1595804236881, "distance_to_bell_km": 3.522159580423688, "final_grid_id": 1248.0, "poi_total": 130.0, "final_grid_id_cat": 1248.0, "catering": 40.0, "life_service": 49.0, "shopping": 41.0, "poi_density": 520.0, "road_length_m": 5005.6200340638688, "road_density_km_per_km2": 20.022480136255474, "intersection_count": 6.0, "mean_intersection_degree": 3.6666666666666665, "intersection_density_n_per_km2": 24.0, "model_fitted": 723.49084361840278, "model_residual": -203.49084361840278 }, "geometry": { "type": "Polygon", "coordinates": [ [ [ 309173.0, 3789425.0 ], [ 309173.0, 3789925.0 ], [ 309673.0, 3789925.0 ], [ 309673.0, 3789425.0 ], [ 309173.0, 3789425.0 ] ] ] } },
{ "type": "Feature", "properties": { "grid_id": 1249, "area_km2": 0.25, "distance_to_bell_m": 3395.694911132271, "distance_to_bell_km": 3.3956949111322712, "final_grid_id": 1249.0, "poi_total": 243.0, "final_grid_id_cat": 1249.0, "catering": 72.0, "life_service": 50.0, "shopping": 121.0, "poi_density": 972.0, "road_length_m": 6654.6827212888193, "road_density_km_per_km2": 26.618730885155276, "intersection_count": 29.0, "mean_intersection_degree": 3.103448275862069, "intersection_density_n_per_km2": 116.0, "model_fitted": 673.53846581295693, "model_residual": 298.46153418704307 }, "geometry": { "type": "Polygon", "coordinates": [ [ [ 309673.0, 3789425.0 ], [ 309673.0, 3789925.0 ], [ 310173.0, 3789925.0 ], [ 310173.0, 3789425.0 ], [ 309673.0, 3789425.0 ] ] ] } },
{ "type": "Feature", "properties": { "grid_id": 1250, "area_km2": 0.25, "distance_to_bell_m": 3052.5237116135049, "distance_to_bell_km": 3.0525237116135049, "final_grid_id": 1250.0, "poi_total": 181.0, "final_grid_id_cat": 1250.0, "catering": 56.0, "life_service": 52.0, "shopping": 73.0, "poi_density": 724.0, "road_length_m": 3769.3889865415222, "road_density_km_per_km2": 15.077555946166088, "intersection_count": 2.0, "mean_intersection_degree": 3.5, "intersection_density_n_per_km2": 8.0, "model_fitted": 772.00620084707998, "model_residual": -48.006200847079981 }, "geometry": { "type": "Polygon", "coordinates": [ [ [ 309173.0, 3789925.0 ], [ 309173.0, 3790425.0 ], [ 309673.0, 3790425.0 ], [ 309673.0, 3789925.0 ], [ 309173.0, 3789925.0 ] ] ] } },
{ "type": "Feature", "properties": { "grid_id": 1251, "area_km2": 0.25, "distance_to_bell_m": 2905.6904221685281, "distance_to_bell_km": 2.905690422168528, "final_grid_id": 1251.0, "poi_total": 169.0, "final_grid_id_cat": 1251.0, "catering": 7.0, "life_service": 8.0, "shopping": 154.0, "poi_density": 676.0, "road_length_m": 6236.9327749974991, "road_density_km_per_km2": 24.947731099989998, "intersection_count": 22.0, "mean_intersection_degree": 3.3636363636363638, "intersection_density_n_per_km2": 88.0, "model_fitted": 776.93146602688944, "model_residual": -100.93146602688944 }, "geometry": { "type": "Polygon", "coordinates": [ [ [ 309673.0, 3789925.0 ], [ 309673.0, 3790425.0 ], [ 310173.0, 3790425.0 ], [ 310173.0, 3789925.0 ], [ 309673.0, 3789925.0 ] ] ] } },
{ "type": "Feature", "properties": { "grid_id": 1252, "area_km2": 0.25, "distance_to_bell_m": 2840.4528950505673, "distance_to_bell_km": 2.8404528950505674, "final_grid_id": 1252.0, "poi_total": 84.0, "final_grid_id_cat": 1252.0, "catering": 26.0, "life_service": 12.0, "shopping": 46.0, "poi_density": 336.0, "road_length_m": 4006.8323733760612, "road_density_km_per_km2": 16.027329493504244, "intersection_count": 8.0, "mean_intersection_degree": 3.25, "intersection_density_n_per_km2": 32.0, "model_fitted": 772.67015764802966, "model_residual": -436.67015764802966 }, "geometry": { "type": "Polygon", "coordinates": [ [ [ 310173.0, 3789925.0 ], [ 310173.0, 3790425.0 ], [ 310673.0, 3790425.0 ], [ 310673.0, 3789925.0 ], [ 310173.0, 3789925.0 ] ] ] } },
{ "type": "Feature", "properties": { "grid_id": 1253, "area_km2": 0.25, "distance_to_bell_m": 2594.2617273426763, "distance_to_bell_km": 2.5942617273426762, "final_grid_id": 1253.0, "poi_total": 258.0, "final_grid_id_cat": 1253.0, "catering": 119.0, "life_service": 45.0, "shopping": 94.0, "poi_density": 1032.0, "road_length_m": 0.0, "road_density_km_per_km2": 0.0, "intersection_count": 0.0, "mean_intersection_degree": 0.0, "intersection_density_n_per_km2": 0.0, "model_fitted": 413.60735580668455, "model_residual": 618.39264419331539 }, "geometry": { "type": "Polygon", "coordinates": [ [ [ 309173.0, 3790425.0 ], [ 309173.0, 3790925.0 ], [ 309673.0, 3790925.0 ], [ 309673.0, 3790425.0 ], [ 309173.0, 3790425.0 ] ] ] } },
{ "type": "Feature", "properties": { "grid_id": 1254, "area_km2": 0.25, "distance_to_bell_m": 2341.0394163690335, "distance_to_bell_km": 2.3410394163690333, "final_grid_id": 1254.0, "poi_total": 16.0, "final_grid_id_cat": 1254.0, "catering": 4.0, "life_service": 7.0, "shopping": 5.0, "poi_density": 64.0, "road_length_m": 3924.3055926310481, "road_density_km_per_km2": 15.697222370524193, "intersection_count": 3.0, "mean_intersection_degree": 3.3333333333333335, "intersection_density_n_per_km2": 12.0, "model_fitted": 855.9400590611765, "model_residual": -791.9400590611765 }, "geometry": { "type": "Polygon", "coordinates": [ [ [ 310173.0, 3790425.0 ], [ 310173.0, 3790925.0 ], [ 310673.0, 3790925.0 ], [ 310673.0, 3790425.0 ], [ 310173.0, 3790425.0 ] ] ] } },
{ "type": "Feature", "properties": { "grid_id": 1255, "area_km2": 0.25, "distance_to_bell_m": 3865.5521664317248, "distance_to_bell_km": 3.8655521664317249, "final_grid_id": 1255.0, "poi_total": 10.0, "final_grid_id_cat": 1255.0, "catering": 2.0, "life_service": 3.0, "shopping": 5.0, "poi_density": 40.0, "road_length_m": 8357.1301092646536, "road_density_km_per_km2": 33.428520437058616, "intersection_count": 28.0, "mean_intersection_degree": 3.1428571428571428, "intersection_density_n_per_km2": 112.0, "model_fitted": 609.51937674609314, "model_residual": -569.51937674609314 }, "geometry": { "type": "Polygon", "coordinates": [ [ [ 307673.0, 3789925.0 ], [ 307673.0, 3790425.0 ], [ 308173.0, 3790425.0 ], [ 308173.0, 3789925.0 ], [ 307673.0, 3789925.0 ] ] ] } },
{ "type": "Feature", "properties": { "grid_id": 1256, "area_km2": 0.25, "distance_to_bell_m": 4221.0612092086239, "distance_to_bell_km": 4.2210612092086244, "final_grid_id": 1256.0, "poi_total": 263.0, "final_grid_id_cat": 1256.0, "catering": 86.0, "life_service": 69.0, "shopping": 108.0, "poi_density": 1052.0, "road_length_m": 4552.2063368522467, "road_density_km_per_km2": 18.208825347408986, "intersection_count": 13.0, "mean_intersection_degree": 3.1538461538461537, "intersection_density_n_per_km2": 52.0, "model_fitted": 558.79135707830869, "model_residual": 493.20864292169131 }, "geometry": { "type": "Polygon", "coordinates": [ [ [ 307173.0, 3789925.0 ], [ 307173.0, 3790425.0 ], [ 307673.0, 3790425.0 ], [ 307673.0, 3789925.0 ], [ 307173.0, 3789925.0 ] ] ] } },
{ "type": "Feature", "properties": { "grid_id": 1257, "area_km2": 0.25, "distance_to_bell_m": 3269.9793868529905, "distance_to_bell_km": 3.2699793868529907, "final_grid_id": 1257.0, "poi_total": 293.0, "final_grid_id_cat": 1257.0, "catering": 56.0, "life_service": 49.0, "shopping": 188.0, "poi_density": 1172.0, "road_length_m": 4183.5797179547399, "road_density_km_per_km2": 16.73431887181896, "intersection_count": 14.0, "mean_intersection_degree": 3.5, "intersection_density_n_per_km2": 56.0, "model_fitted": 740.15999799470228, "model_residual": 431.84000200529772 }, "geometry": { "type": "Polygon", "coordinates": [ [ [ 308673.0, 3789925.0 ], [ 308673.0, 3790425.0 ], [ 309173.0, 3790425.0 ], [ 309173.0, 3789925.0 ], [ 308673.0, 3789925.0 ] ] ] } },
{ "type": "Feature", "properties": { "grid_id": 1258, "area_km2": 0.25, "distance_to_bell_m": 3545.0852417007168, "distance_to_bell_km": 3.5450852417007166, "final_grid_id": 1258.0, "poi_total": 195.0, "final_grid_id_cat": 1258.0, "catering": 58.0, "life_service": 46.0, "shopping": 91.0, "poi_density": 780.0, "road_length_m": 6497.4538341450843, "road_density_km_per_km2": 25.989815336580339, "intersection_count": 28.0, "mean_intersection_degree": 3.1428571428571428, "intersection_density_n_per_km2": 112.0, "model_fitted": 656.45149144589027, "model_residual": 123.54850855410973 }, "geometry": { "type": "Polygon", "coordinates": [ [ [ 308173.0, 3789925.0 ], [ 308173.0, 3790425.0 ], [ 308673.0, 3790425.0 ], [ 308673.0, 3789925.0 ], [ 308173.0, 3789925.0 ] ] ] } },
{ "type": "Feature", "properties": { "grid_id": 1259, "area_km2": 0.25, "distance_to_bell_m": 3514.9376169993852, "distance_to_bell_km": 3.5149376169993851, "final_grid_id": 1259.0, "poi_total": 38.0, "final_grid_id_cat": 1259.0, "catering": 8.0, "life_service": 12.0, "shopping": 18.0, "poi_density": 152.0, "road_length_m": 4023.4279999444843, "road_density_km_per_km2": 16.093711999777938, "intersection_count": 8.0, "mean_intersection_degree": 3.125, "intersection_density_n_per_km2": 32.0, "model_fitted": 658.69561187844897, "model_residual": -506.69561187844897 }, "geometry": { "type": "Polygon", "coordinates": [ [ [ 307673.0, 3790425.0 ], [ 307673.0, 3790925.0 ], [ 308173.0, 3790925.0 ], [ 308173.0, 3790425.0 ], [ 307673.0, 3790425.0 ] ] ] } },
{ "type": "Feature", "properties": { "grid_id": 1260, "area_km2": 0.25, "distance_to_bell_m": 3902.5184985952451, "distance_to_bell_km": 3.9025184985952452, "final_grid_id": 1260.0, "poi_total": 112.0, "final_grid_id_cat": 1260.0, "catering": 31.0, "life_service": 39.0, "shopping": 42.0, "poi_density": 448.0, "road_length_m": 3338.2229383431663, "road_density_km_per_km2": 13.352891753372665, "intersection_count": 5.0, "mean_intersection_degree": 3.2, "intersection_density_n_per_km2": 20.0, "model_fitted": 611.05280538494321, "model_residual": -163.05280538494321 }, "geometry": { "type": "Polygon", "coordinates": [ [ [ 307173.0, 3790425.0 ], [ 307173.0, 3790925.0 ], [ 307673.0, 3790925.0 ], [ 307673.0, 3790425.0 ], [ 307173.0, 3790425.0 ] ] ] } },
{ "type": "Feature", "properties": { "grid_id": 1261, "area_km2": 0.25, "distance_to_bell_m": 3159.1014974065884, "distance_to_bell_km": 3.1591014974065885, "final_grid_id": 1261.0, "poi_total": 144.0, "final_grid_id_cat": 1261.0, "catering": 28.0, "life_service": 54.0, "shopping": 62.0, "poi_density": 576.0, "road_length_m": 2827.1565566260083, "road_density_km_per_km2": 11.308626226504034, "intersection_count": 7.0, "mean_intersection_degree": 3.4285714285714284, "intersection_density_n_per_km2": 28.0, "model_fitted": 747.71407615910925, "model_residual": -171.71407615910925 }, "geometry": { "type": "Polygon", "coordinates": [ [ [ 308173.0, 3790425.0 ], [ 308173.0, 3790925.0 ], [ 308673.0, 3790925.0 ], [ 308673.0, 3790425.0 ], [ 308173.0, 3790425.0 ] ] ] } },
{ "type": "Feature", "properties": { "grid_id": 1262, "area_km2": 0.25, "distance_to_bell_m": 3204.2283550629836, "distance_to_bell_km": 3.2042283550629835, "final_grid_id": 1262.0, "poi_total": 6.0, "final_grid_id_cat": 1262.0, "catering": 2.0, "life_service": 3.0, "shopping": 1.0, "poi_density": 24.0, "road_length_m": 6616.225155123685, "road_density_km_per_km2": 26.464900620494738, "intersection_count": 15.0, "mean_intersection_degree": 3.2, "intersection_density_n_per_km2": 60.0, "model_fitted": 713.31681636673807, "model_residual": -689.31681636673807 }, "geometry": { "type": "Polygon", "coordinates": [ [ [ 307673.0, 3790925.0 ], [ 307673.0, 3791425.0 ], [ 308173.0, 3791425.0 ], [ 308173.0, 3790925.0 ], [ 307673.0, 3790925.0 ] ] ] } },
{ "type": "Feature", "properties": { "grid_id": 1263, "area_km2": 0.25, "distance_to_bell_m": 3625.1818619029864, "distance_to_bell_km": 3.6251818619029863, "final_grid_id": 1263.0, "poi_total": 265.0, "final_grid_id_cat": 1263.0, "catering": 106.0, "life_service": 49.0, "shopping": 110.0, "poi_density": 1060.0, "road_length_m": 5195.7256973599287, "road_density_km_per_km2": 20.782902789439714, "intersection_count": 15.0, "mean_intersection_degree": 3.0666666666666669, "intersection_density_n_per_km2": 60.0, "model_fitted": 635.45858500538816, "model_residual": 424.54141499461184 }, "geometry": { "type": "Polygon", "coordinates": [ [ [ 307173.0, 3790925.0 ], [ 307173.0, 3791425.0 ], [ 307673.0, 3791425.0 ], [ 307673.0, 3790925.0 ], [ 307173.0, 3790925.0 ] ] ] } },
{ "type": "Feature", "properties": { "grid_id": 1264, "area_km2": 0.25, "distance_to_bell_m": 2809.3086642284193, "distance_to_bell_km": 2.8093086642284191, "final_grid_id": 1264.0, "poi_total": 45.0, "final_grid_id_cat": 1264.0, "catering": 19.0, "life_service": 17.0, "shopping": 9.0, "poi_density": 180.0, "road_length_m": 5822.9612779689332, "road_density_km_per_km2": 23.291845111875734, "intersection_count": 17.0, "mean_intersection_degree": 3.9411764705882355, "intersection_density_n_per_km2": 68.0, "model_fitted": 861.26067405527783, "model_residual": -681.26067405527783 }, "geometry": { "type": "Polygon", "coordinates": [ [ [ 308173.0, 3790925.0 ], [ 308173.0, 3791425.0 ], [ 308673.0, 3791425.0 ], [ 308673.0, 3790925.0 ], [ 308173.0, 3790925.0 ] ] ] } },
{ "type": "Feature", "properties": { "grid_id": 1265, "area_km2": 0.25, "distance_to_bell_m": 2862.3955821165559, "distance_to_bell_km": 2.8623955821165561, "final_grid_id": 1265.0, "poi_total": 291.0, "final_grid_id_cat": 1265.0, "catering": 111.0, "life_service": 82.0, "shopping": 98.0, "poi_density": 1164.0, "road_length_m": 3370.6725223795829, "road_density_km_per_km2": 13.482690089518332, "intersection_count": 7.0, "mean_intersection_degree": 3.2857142857142856, "intersection_density_n_per_km2": 28.0, "model_fitted": 773.79861765189185, "model_residual": 390.20138234810815 }, "geometry": { "type": "Polygon", "coordinates": [ [ [ 310673.0, 3789925.0 ], [ 310673.0, 3790425.0 ], [ 311173.0, 3790425.0 ], [ 311173.0, 3789925.0 ], [ 310673.0, 3789925.0 ] ] ] } },
{ "type": "Feature", "properties": { "grid_id": 1266, "area_km2": 0.25, "distance_to_bell_m": 2969.5865517003554, "distance_to_bell_km": 2.9695865517003552, "final_grid_id": 1266.0, "poi_total": 140.0, "final_grid_id_cat": 1266.0, "catering": 29.0, "life_service": 28.0, "shopping": 83.0, "poi_density": 560.0, "road_length_m": 4394.1033047865503, "road_density_km_per_km2": 17.5764132191462, "intersection_count": 14.0, "mean_intersection_degree": 3.0714285714285716, "intersection_density_n_per_km2": 56.0, "model_fitted": 732.04889957894545, "model_residual": -172.04889957894545 }, "geometry": { "type": "Polygon", "coordinates": [ [ [ 311173.0, 3789925.0 ], [ 311173.0, 3790425.0 ], [ 311673.0, 3790425.0 ], [ 311673.0, 3789925.0 ], [ 311173.0, 3789925.0 ] ] ] } },
{ "type": "Feature", "properties": { "grid_id": 1267, "area_km2": 0.25, "distance_to_bell_m": 3401.2815124711551, "distance_to_bell_km": 3.4012815124711553, "final_grid_id": 1267.0, "poi_total": 279.0, "final_grid_id_cat": 1267.0, "catering": 46.0, "life_service": 58.0, "shopping": 175.0, "poi_density": 1116.0, "road_length_m": 10456.206908494942, "road_density_km_per_km2": 41.824827633979766, "intersection_count": 45.0, "mean_intersection_degree": 3.1111111111111112, "intersection_density_n_per_km2": 180.0, "model_fitted": 673.65191845310608, "model_residual": 442.34808154689392 }, "geometry": { "type": "Polygon", "coordinates": [ [ [ 312173.0, 3789925.0 ], [ 312173.0, 3790425.0 ], [ 312673.0, 3790425.0 ], [ 312673.0, 3789925.0 ], [ 312173.0, 3789925.0 ] ] ] } },
{ "type": "Feature", "properties": { "grid_id": 1268, "area_km2": 0.25, "distance_to_bell_m": 3153.3442735544809, "distance_to_bell_km": 3.153344273554481, "final_grid_id": 1268.0, "poi_total": 142.0, "final_grid_id_cat": 1268.0, "catering": 45.0, "life_service": 45.0, "shopping": 52.0, "poi_density": 568.0, "road_length_m": 7093.4199164653401, "road_density_km_per_km2": 28.37367966586136, "intersection_count": 26.0, "mean_intersection_degree": 3.3076923076923075, "intersection_density_n_per_km2": 104.0, "model_fitted": 733.861391850882, "model_residual": -165.861391850882 }, "geometry": { "type": "Polygon", "coordinates": [ [ [ 311673.0, 3789925.0 ], [ 311673.0, 3790425.0 ], [ 312173.0, 3790425.0 ], [ 312173.0, 3789925.0 ], [ 311673.0, 3789925.0 ] ] ] } },
{ "type": "Feature", "properties": { "grid_id": 1269, "area_km2": 0.25, "distance_to_bell_m": 2496.1444645757033, "distance_to_bell_km": 2.4961444645757034, "final_grid_id": 1269.0, "poi_total": 305.0, "final_grid_id_cat": 1269.0, "catering": 64.0, "life_service": 41.0, "shopping": 200.0, "poi_density": 1220.0, "road_length_m": 3999.8036467288407, "road_density_km_per_km2": 15.999214586915363, "intersection_count": 5.0, "mean_intersection_degree": 3.0, "intersection_density_n_per_km2": 20.0, "model_fitted": 792.70020306780111, "model_residual": 427.29979693219889 }, "geometry": { "type": "Polygon", "coordinates": [ [ [ 311173.0, 3790425.0 ], [ 311173.0, 3790925.0 ], [ 311673.0, 3790925.0 ], [ 311673.0, 3790425.0 ], [ 311173.0, 3790425.0 ] ] ] } },
{ "type": "Feature", "properties": { "grid_id": 1270, "area_km2": 0.25, "distance_to_bell_m": 2367.6151225468834, "distance_to_bell_km": 2.3676151225468836, "final_grid_id": 1270.0, "poi_total": 460.0, "final_grid_id_cat": 1270.0, "catering": 155.0, "life_service": 184.0, "shopping": 121.0, "poi_density": 1840.0, "road_length_m": 2143.9053209141084, "road_density_km_per_km2": 8.5756212836564334, "intersection_count": 2.0, "mean_intersection_degree": 3.5, "intersection_density_n_per_km2": 8.0, "model_fitted": 872.31049430242456, "model_residual": 967.68950569757544 }, "geometry": { "type": "Polygon", "coordinates": [ [ [ 310673.0, 3790425.0 ], [ 310673.0, 3790925.0 ], [ 311173.0, 3790925.0 ], [ 311173.0, 3790425.0 ], [ 310673.0, 3790425.0 ] ] ] } },
{ "type": "Feature", "properties": { "grid_id": 1271, "area_km2": 0.25, "distance_to_bell_m": 2996.8331330039691, "distance_to_bell_km": 2.9968331330039693, "final_grid_id": 1271.0, "poi_total": 313.0, "final_grid_id_cat": 1271.0, "catering": 64.0, "life_service": 103.0, "shopping": 146.0, "poi_density": 1252.0, "road_length_m": 5230.1764001830343, "road_density_km_per_km2": 20.920705600732138, "intersection_count": 14.0, "mean_intersection_degree": 3.1428571428571428, "intersection_density_n_per_km2": 56.0, "model_fitted": 736.74255696336604, "model_residual": 515.25744303663396 }, "geometry": { "type": "Polygon", "coordinates": [ [ [ 312173.0, 3790425.0 ], [ 312173.0, 3790925.0 ], [ 312673.0, 3790925.0 ], [ 312673.0, 3790425.0 ], [ 312173.0, 3790425.0 ] ] ] } },
{ "type": "Feature", "properties": { "grid_id": 1272, "area_km2": 0.25, "distance_to_bell_m": 2712.1712717951928, "distance_to_bell_km": 2.7121712717951927, "final_grid_id": 1272.0, "poi_total": 210.0, "final_grid_id_cat": 1272.0, "catering": 49.0, "life_service": 67.0, "shopping": 94.0, "poi_density": 840.0, "road_length_m": 5006.1210925511332, "road_density_km_per_km2": 20.024484370204533, "intersection_count": 10.0, "mean_intersection_degree": 3.3, "intersection_density_n_per_km2": 40.0, "model_fitted": 797.53562231911042, "model_residual": 42.464377680889584 }, "geometry": { "type": "Polygon", "coordinates": [ [ [ 311673.0, 3790425.0 ], [ 311673.0, 3790925.0 ], [ 312173.0, 3790925.0 ], [ 312173.0, 3790425.0 ], [ 311673.0, 3790425.0 ] ] ] } },
{ "type": "Feature", "properties": { "grid_id": 1273, "area_km2": 0.25, "distance_to_bell_m": 2295.2485502758677, "distance_to_bell_km": 2.2952485502758679, "final_grid_id": 1273.0, "poi_total": 176.0, "final_grid_id_cat": 1273.0, "catering": 26.0, "life_service": 61.0, "shopping": 89.0, "poi_density": 704.0, "road_length_m": 4038.4410436515336, "road_density_km_per_km2": 16.153764174606135, "intersection_count": 13.0, "mean_intersection_degree": 3.6153846153846154, "intersection_density_n_per_km2": 52.0, "model_fitted": 896.93635155957986, "model_residual": -192.93635155957986 }, "geometry": { "type": "Polygon", "coordinates": [ [ [ 311673.0, 3790925.0 ], [ 311673.0, 3791425.0 ], [ 312173.0, 3791425.0 ], [ 312173.0, 3790925.0 ], [ 311673.0, 3790925.0 ] ] ] } },
{ "type": "Feature", "properties": { "grid_id": 1274, "area_km2": 0.25, "distance_to_bell_m": 2625.5098032692053, "distance_to_bell_km": 2.6255098032692055, "final_grid_id": 1274.0, "poi_total": 566.0, "final_grid_id_cat": 1274.0, "catering": 197.0, "life_service": 151.0, "shopping": 218.0, "poi_density": 2264.0, "road_length_m": 3852.343187492138, "road_density_km_per_km2": 15.409372749968552, "intersection_count": 8.0, "mean_intersection_degree": 3.5, "intersection_density_n_per_km2": 32.0, "model_fitted": 834.54203271692097, "model_residual": 1429.4579672830791 }, "geometry": { "type": "Polygon", "coordinates": [ [ [ 312173.0, 3790925.0 ], [ 312173.0, 3791425.0 ], [ 312673.0, 3791425.0 ], [ 312673.0, 3790925.0 ], [ 312173.0, 3790925.0 ] ] ] } },
{ "type": "Feature", "properties": { "grid_id": 1275, "area_km2": 0.25, "distance_to_bell_m": 2846.9383713799948, "distance_to_bell_km": 2.8469383713799949, "final_grid_id": 1275.0, "poi_total": 122.0, "final_grid_id_cat": 1275.0, "catering": 33.0, "life_service": 22.0, "shopping": 67.0, "poi_density": 488.0, "road_length_m": 2923.3287604826755, "road_density_km_per_km2": 11.693315041930703, "intersection_count": 4.0, "mean_intersection_degree": 3.25, "intersection_density_n_per_km2": 16.0, "model_fitted": 771.72036503142499, "model_residual": -283.72036503142499 }, "geometry": { "type": "Polygon", "coordinates": [ [ [ 308673.0, 3790425.0 ], [ 308673.0, 3790925.0 ], [ 309173.0, 3790925.0 ], [ 309173.0, 3790425.0 ], [ 308673.0, 3790425.0 ] ] ] } },
{ "type": "Feature", "properties": { "grid_id": 1276, "area_km2": 0.25, "distance_to_bell_m": 2419.7788596221421, "distance_to_bell_km": 2.4197788596221423, "final_grid_id": 1276.0, "poi_total": 106.0, "final_grid_id_cat": 1276.0, "catering": 27.0, "life_service": 33.0, "shopping": 46.0, "poi_density": 424.0, "road_length_m": 2775.1127155126992, "road_density_km_per_km2": 11.100450862050797, "intersection_count": 2.0, "mean_intersection_degree": 3.5, "intersection_density_n_per_km2": 8.0, "model_fitted": 864.67115837519577, "model_residual": -440.67115837519577 }, "geometry": { "type": "Polygon", "coordinates": [ [ [ 309673.0, 3790425.0 ], [ 309673.0, 3790925.0 ], [ 310173.0, 3790925.0 ], [ 310173.0, 3790425.0 ], [ 309673.0, 3790425.0 ] ] ] } },
{ "type": "Feature", "properties": { "grid_id": 1277, "area_km2": 0.25, "distance_to_bell_m": 2453.0289420282211, "distance_to_bell_km": 2.453028942028221, "final_grid_id": 1277.0, "poi_total": 282.0, "final_grid_id_cat": 1277.0, "catering": 83.0, "life_service": 66.0, "shopping": 133.0, "poi_density": 1128.0, "road_length_m": 4482.73196165021, "road_density_km_per_km2": 17.930927846600841, "intersection_count": 18.0, "mean_intersection_degree": 3.7222222222222223, "intersection_density_n_per_km2": 72.0, "model_fitted": 886.81827853894276, "model_residual": 241.18172146105724 }, "geometry": { "type": "Polygon", "coordinates": [ [ [ 308673.0, 3790925.0 ], [ 308673.0, 3791425.0 ], [ 309173.0, 3791425.0 ], [ 309173.0, 3790925.0 ], [ 308673.0, 3790925.0 ] ] ] } },
{ "type": "Feature", "properties": { "grid_id": 1278, "area_km2": 0.25, "distance_to_bell_m": 1841.9442035484633, "distance_to_bell_km": 1.8419442035484632, "final_grid_id": 1278.0, "poi_total": 240.0, "final_grid_id_cat": 1278.0, "catering": 101.0, "life_service": 65.0, "shopping": 74.0, "poi_density": 960.0, "road_length_m": 5318.4667221509426, "road_density_km_per_km2": 21.27386688860377, "intersection_count": 23.0, "mean_intersection_degree": 3.8260869565217392, "intersection_density_n_per_km2": 92.0, "model_fitted": 988.93843898158798, "model_residual": -28.938438981587979 }, "geometry": { "type": "Polygon", "coordinates": [ [ [ 310173.0, 3790925.0 ], [ 310173.0, 3791425.0 ], [ 310673.0, 3791425.0 ], [ 310673.0, 3790925.0 ], [ 310173.0, 3790925.0 ] ] ] } },
{ "type": "Feature", "properties": { "grid_id": 1279, "area_km2": 0.25, "distance_to_bell_m": 1941.036483290964, "distance_to_bell_km": 1.9410364832909641, "final_grid_id": 1279.0, "poi_total": 146.0, "final_grid_id_cat": 1279.0, "catering": 43.0, "life_service": 57.0, "shopping": 46.0, "poi_density": 584.0, "road_length_m": 7029.6468688512405, "road_density_km_per_km2": 28.118587475404961, "intersection_count": 23.0, "mean_intersection_degree": 3.652173913043478, "intersection_density_n_per_km2": 92.0, "model_fitted": 953.28305666531287, "model_residual": -369.28305666531287 }, "geometry": { "type": "Polygon", "coordinates": [ [ [ 309673.0, 3790925.0 ], [ 309673.0, 3791425.0 ], [ 310173.0, 3791425.0 ], [ 310173.0, 3790925.0 ], [ 309673.0, 3790925.0 ] ] ] } },
{ "type": "Feature", "properties": { "grid_id": 1280, "area_km2": 0.25, "distance_to_bell_m": 2154.6430817997034, "distance_to_bell_km": 2.1546430817997035, "final_grid_id": 1280.0, "poi_total": 275.0, "final_grid_id_cat": 1280.0, "catering": 111.0, "life_service": 69.0, "shopping": 95.0, "poi_density": 1100.0, "road_length_m": 4979.189436790979, "road_density_km_per_km2": 19.916757747163917, "intersection_count": 12.0, "mean_intersection_degree": 3.3333333333333335, "intersection_density_n_per_km2": 48.0, "model_fitted": 883.23764729425966, "model_residual": 216.76235270574034 }, "geometry": { "type": "Polygon", "coordinates": [ [ [ 309173.0, 3790925.0 ], [ 309173.0, 3791425.0 ], [ 309673.0, 3791425.0 ], [ 309673.0, 3790925.0 ], [ 309173.0, 3790925.0 ] ] ] } },
{ "type": "Feature", "properties": { "grid_id": 1281, "area_km2": 0.25, "distance_to_bell_m": 1343.5219942293836, "distance_to_bell_km": 1.3435219942293837, "final_grid_id": 1281.0, "poi_total": 207.0, "final_grid_id_cat": 1281.0, "catering": 75.0, "life_service": 51.0, "shopping": 81.0, "poi_density": 828.0, "road_length_m": 4394.0266450098434, "road_density_km_per_km2": 17.576106580039372, "intersection_count": 19.0, "mean_intersection_degree": 3.263157894736842, "intersection_density_n_per_km2": 76.0, "model_fitted": 993.49410872422732, "model_residual": -165.49410872422732 }, "geometry": { "type": "Polygon", "coordinates": [ [ [ 310173.0, 3791425.0 ], [ 310173.0, 3791925.0 ], [ 310673.0, 3791925.0 ], [ 310673.0, 3791425.0 ], [ 310173.0, 3791425.0 ] ] ] } },
{ "type": "Feature", "properties": { "grid_id": 1282, "area_km2": 0.25, "distance_to_bell_m": 1476.45370041152, "distance_to_bell_km": 1.4764537004115199, "final_grid_id": 1282.0, "poi_total": 139.0, "final_grid_id_cat": 1282.0, "catering": 47.0, "life_service": 39.0, "shopping": 53.0, "poi_density": 556.0, "road_length_m": 4511.0307779016621, "road_density_km_per_km2": 18.044123111606648, "intersection_count": 10.0, "mean_intersection_degree": 3.4, "intersection_density_n_per_km2": 40.0, "model_fitted": 990.66288849793864, "model_residual": -434.66288849793864 }, "geometry": { "type": "Polygon", "coordinates": [ [ [ 309673.0, 3791425.0 ], [ 309673.0, 3791925.0 ], [ 310173.0, 3791925.0 ], [ 310173.0, 3791425.0 ], [ 309673.0, 3791425.0 ] ] ] } },
{ "type": "Feature", "properties": { "grid_id": 1283, "area_km2": 0.25, "distance_to_bell_m": 2104.6719199011541, "distance_to_bell_km": 2.1046719199011541, "final_grid_id": 1283.0, "poi_total": 84.0, "final_grid_id_cat": 1283.0, "catering": 20.0, "life_service": 21.0, "shopping": 43.0, "poi_density": 336.0, "road_length_m": 7037.422230526623, "road_density_km_per_km2": 28.149688922106492, "intersection_count": 25.0, "mean_intersection_degree": 3.4, "intersection_density_n_per_km2": 100.0, "model_fitted": 898.66085253638789, "model_residual": -562.66085253638789 }, "geometry": { "type": "Polygon", "coordinates": [ [ [ 308673.0, 3791425.0 ], [ 308673.0, 3791925.0 ], [ 309173.0, 3791925.0 ], [ 309173.0, 3791425.0 ], [ 308673.0, 3791425.0 ] ] ] } },
{ "type": "Feature", "properties": { "grid_id": 1284, "area_km2": 0.25, "distance_to_bell_m": 1747.7928109303002, "distance_to_bell_km": 1.7477928109303003, "final_grid_id": 1284.0, "poi_total": 87.0, "final_grid_id_cat": 1284.0, "catering": 29.0, "life_service": 26.0, "shopping": 32.0, "poi_density": 348.0, "road_length_m": 2704.0745003993338, "road_density_km_per_km2": 10.816298001597335, "intersection_count": 1.0, "mean_intersection_degree": 4.0, "intersection_density_n_per_km2": 4.0, "model_fitted": 1023.8702324862164, "model_residual": -675.87023248621642 }, "geometry": { "type": "Polygon", "coordinates": [ [ [ 309173.0, 3791425.0 ], [ 309173.0, 3791925.0 ], [ 309673.0, 3791925.0 ], [ 309673.0, 3791425.0 ], [ 309173.0, 3791425.0 ] ] ] } },
{ "type": "Feature", "properties": { "grid_id": 1351, "area_km2": 0.25, "distance_to_bell_m": 4927.466794649582, "distance_to_bell_km": 4.9274667946495816, "final_grid_id": 1351.0, "poi_total": 151.0, "final_grid_id_cat": 1351.0, "catering": 34.0, "life_service": 58.0, "shopping": 59.0, "poi_density": 604.0, "road_length_m": 4929.6270124090952, "road_density_km_per_km2": 19.71850804963638, "intersection_count": 9.0, "mean_intersection_degree": 3.1111111111111112, "intersection_density_n_per_km2": 36.0, "model_fitted": 450.14335270498083, "model_residual": 153.85664729501917 }, "geometry": { "type": "Polygon", "coordinates": [ [ [ 306673.0, 3789425.0 ], [ 306673.0, 3789925.0 ], [ 307173.0, 3789925.0 ], [ 307173.0, 3789425.0 ], [ 306673.0, 3789425.0 ] ] ] } },
{ "type": "Feature", "properties": { "grid_id": 1353, "area_km2": 0.25, "distance_to_bell_m": 4603.5010494586113, "distance_to_bell_km": 4.603501049458611, "final_grid_id": 1353.0, "poi_total": 450.0, "final_grid_id_cat": 1353.0, "catering": 162.0, "life_service": 115.0, "shopping": 173.0, "poi_density": 1800.0, "road_length_m": 3462.0508802506556, "road_density_km_per_km2": 13.848203521002622, "intersection_count": 6.0, "mean_intersection_degree": 3.6666666666666665, "intersection_density_n_per_km2": 24.0, "model_fitted": 565.12928447468767, "model_residual": 1234.8707155253123 }, "geometry": { "type": "Polygon", "coordinates": [ [ [ 306673.0, 3789925.0 ], [ 306673.0, 3790425.0 ], [ 307173.0, 3790425.0 ], [ 307173.0, 3789925.0 ], [ 306673.0, 3789925.0 ] ] ] } },
{ "type": "Feature", "properties": { "grid_id": 1357, "area_km2": 0.25, "distance_to_bell_m": 4313.2951223349946, "distance_to_bell_km": 4.3132951223349947, "final_grid_id": 1357.0, "poi_total": 136.0, "final_grid_id_cat": 1357.0, "catering": 56.0, "life_service": 37.0, "shopping": 43.0, "poi_density": 544.0, "road_length_m": 3826.6697565576369, "road_density_km_per_km2": 15.306679026230547, "intersection_count": 12.0, "mean_intersection_degree": 3.5, "intersection_density_n_per_km2": 48.0, "model_fitted": 587.36727591630211, "model_residual": -43.367275916302106 }, "geometry": { "type": "Polygon", "coordinates": [ [ [ 306673.0, 3790425.0 ], [ 306673.0, 3790925.0 ], [ 307173.0, 3790925.0 ], [ 307173.0, 3790425.0 ], [ 306673.0, 3790425.0 ] ] ] } },
{ "type": "Feature", "properties": { "grid_id": 1359, "area_km2": 0.25, "distance_to_bell_m": 4741.2423469845562, "distance_to_bell_km": 4.7412423469845564, "final_grid_id": 1359.0, "poi_total": 262.0, "final_grid_id_cat": 1359.0, "catering": 89.0, "life_service": 59.0, "shopping": 114.0, "poi_density": 1048.0, "road_length_m": 3414.5152439521703, "road_density_km_per_km2": 13.658060975808681, "intersection_count": 7.0, "mean_intersection_degree": 3.5714285714285716, "intersection_density_n_per_km2": 28.0, "model_fitted": 533.37865721379239, "model_residual": 514.62134278620761 }, "geometry": { "type": "Polygon", "coordinates": [ [ [ 306173.0, 3790425.0 ], [ 306173.0, 3790925.0 ], [ 306673.0, 3790925.0 ], [ 306673.0, 3790425.0 ], [ 306173.0, 3790425.0 ] ] ] } },
{ "type": "Feature", "properties": { "grid_id": 1361, "area_km2": 0.25, "distance_to_bell_m": 4976.5988459300916, "distance_to_bell_km": 4.9765988459300914, "final_grid_id": 1361.0, "poi_total": 176.0, "final_grid_id_cat": 1361.0, "catering": 66.0, "life_service": 54.0, "shopping": 56.0, "poi_density": 704.0, "road_length_m": 5405.0340208037433, "road_density_km_per_km2": 21.620136083214973, "intersection_count": 12.0, "mean_intersection_degree": 3.5, "intersection_density_n_per_km2": 48.0, "model_fitted": 490.22699704759344, "model_residual": 213.77300295240656 }, "geometry": { "type": "Polygon", "coordinates": [ [ [ 305673.0, 3790925.0 ], [ 305673.0, 3791425.0 ], [ 306173.0, 3791425.0 ], [ 306173.0, 3790925.0 ], [ 305673.0, 3790925.0 ] ] ] } },
{ "type": "Feature", "properties": { "grid_id": 1362, "area_km2": 0.25, "distance_to_bell_m": 4515.7138851827121, "distance_to_bell_km": 4.5157138851827119, "final_grid_id": 1362.0, "poi_total": 138.0, "final_grid_id_cat": 1362.0, "catering": 50.0, "life_service": 46.0, "shopping": 42.0, "poi_density": 552.0, "road_length_m": 7009.0119350447721, "road_density_km_per_km2": 28.03604774017909, "intersection_count": 29.0, "mean_intersection_degree": 3.5517241379310347, "intersection_density_n_per_km2": 116.0, "model_fitted": 564.01155527383162, "model_residual": -12.011555273831618 }, "geometry": { "type": "Polygon", "coordinates": [ [ [ 306173.0, 3790925.0 ], [ 306173.0, 3791425.0 ], [ 306673.0, 3791425.0 ], [ 306673.0, 3790925.0 ], [ 306173.0, 3790925.0 ] ] ] } },
{ "type": "Feature", "properties": { "grid_id": 1363, "area_km2": 0.25, "distance_to_bell_m": 4064.0875620920342, "distance_to_bell_km": 4.064087562092034, "final_grid_id": 1363.0, "poi_total": 137.0, "final_grid_id_cat": 1363.0, "catering": 55.0, "life_service": 31.0, "shopping": 51.0, "poi_density": 548.0, "road_length_m": 5475.6299875849636, "road_density_km_per_km2": 21.902519950339855, "intersection_count": 12.0, "mean_intersection_degree": 3.25, "intersection_density_n_per_km2": 48.0, "model_fitted": 593.46987795476184, "model_residual": -45.469877954761841 }, "geometry": { "type": "Polygon", "coordinates": [ [ [ 306673.0, 3790925.0 ], [ 306673.0, 3791425.0 ], [ 307173.0, 3791425.0 ], [ 307173.0, 3790925.0 ], [ 306673.0, 3790925.0 ] ] ] } },
{ "type": "Feature", "properties": { "grid_id": 1395, "area_km2": 0.25, "distance_to_bell_m": 4814.4396323253486, "distance_to_bell_km": 4.8144396323253487, "final_grid_id": 1395.0, "poi_total": 121.0, "final_grid_id_cat": 1395.0, "catering": 26.0, "life_service": 38.0, "shopping": 57.0, "poi_density": 484.0, "road_length_m": 3901.5379720050473, "road_density_km_per_km2": 15.606151888020189, "intersection_count": 6.0, "mean_intersection_degree": 3.3333333333333335, "intersection_density_n_per_km2": 24.0, "model_fitted": 493.7126537487535, "model_residual": -9.7126537487534961 }, "geometry": { "type": "Polygon", "coordinates": [ [ [ 305673.0, 3791425.0 ], [ 305673.0, 3791925.0 ], [ 306173.0, 3791925.0 ], [ 306173.0, 3791425.0 ], [ 305673.0, 3791425.0 ] ] ] } },
{ "type": "Feature", "properties": { "grid_id": 1396, "area_km2": 0.25, "distance_to_bell_m": 4336.3538592721261, "distance_to_bell_km": 4.3363538592721262, "final_grid_id": 1396.0, "poi_total": 12.0, "final_grid_id_cat": 1396.0, "catering": 11.0, "life_service": 1.0, "shopping": 0.0, "poi_density": 48.0, "road_length_m": 3761.9917974513219, "road_density_km_per_km2": 15.047967189805288, "intersection_count": 6.0, "mean_intersection_degree": 3.3333333333333335, "intersection_density_n_per_km2": 24.0, "model_fitted": 563.72791774552479, "model_residual": -515.72791774552479 }, "geometry": { "type": "Polygon", "coordinates": [ [ [ 306173.0, 3791425.0 ], [ 306173.0, 3791925.0 ], [ 306673.0, 3791925.0 ], [ 306673.0, 3791425.0 ], [ 306173.0, 3791425.0 ] ] ] } },
{ "type": "Feature", "properties": { "grid_id": 1397, "area_km2": 0.25, "distance_to_bell_m": 3863.8194331960563, "distance_to_bell_km": 3.8638194331960563, "final_grid_id": 1397.0, "poi_total": 107.0, "final_grid_id_cat": 1397.0, "catering": 25.0, "life_service": 51.0, "shopping": 31.0, "poi_density": 428.0, "road_length_m": 5647.7116654999063, "road_density_km_per_km2": 22.590846661999624, "intersection_count": 18.0, "mean_intersection_degree": 3.3888888888888888, "intersection_density_n_per_km2": 72.0, "model_fitted": 639.68433336496059, "model_residual": -211.68433336496059 }, "geometry": { "type": "Polygon", "coordinates": [ [ [ 306673.0, 3791425.0 ], [ 306673.0, 3791925.0 ], [ 307173.0, 3791925.0 ], [ 307173.0, 3791425.0 ], [ 306673.0, 3791425.0 ] ] ] } },
{ "type": "Feature", "properties": { "grid_id": 1399, "area_km2": 0.25, "distance_to_bell_m": 4209.0685065482812, "distance_to_bell_km": 4.2090685065482809, "final_grid_id": 1399.0, "poi_total": 40.0, "final_grid_id_cat": 1399.0, "catering": 11.0, "life_service": 17.0, "shopping": 12.0, "poi_density": 160.0, "road_length_m": 5195.6255279800725, "road_density_km_per_km2": 20.782502111920291, "intersection_count": 18.0, "mean_intersection_degree": 3.3888888888888888, "intersection_density_n_per_km2": 72.0, "model_fitted": 589.12289360275759, "model_residual": -429.12289360275759 }, "geometry": { "type": "Polygon", "coordinates": [ [ [ 306173.0, 3791925.0 ], [ 306173.0, 3792425.0 ], [ 306673.0, 3792425.0 ], [ 306673.0, 3791925.0 ], [ 306173.0, 3791925.0 ] ] ] } },
{ "type": "Feature", "properties": { "grid_id": 1400, "area_km2": 0.25, "distance_to_bell_m": 3720.4023320517108, "distance_to_bell_km": 3.720402332051711, "final_grid_id": 1400.0, "poi_total": 49.0, "final_grid_id_cat": 1400.0, "catering": 15.0, "life_service": 17.0, "shopping": 17.0, "poi_density": 196.0, "road_length_m": 7506.6782844288082, "road_density_km_per_km2": 30.026713137715234, "intersection_count": 16.0, "mean_intersection_degree": 3.4375, "intersection_density_n_per_km2": 64.0, "model_fitted": 666.59752264537042, "model_residual": -470.59752264537042 }, "geometry": { "type": "Polygon", "coordinates": [ [ [ 306673.0, 3791925.0 ], [ 306673.0, 3792425.0 ], [ 307173.0, 3792425.0 ], [ 307173.0, 3791925.0 ], [ 306673.0, 3791925.0 ] ] ] } },
{ "type": "Feature", "properties": { "grid_id": 1402, "area_km2": 0.25, "distance_to_bell_m": 4700.1193467078419, "distance_to_bell_km": 4.7001193467078419, "final_grid_id": 1402.0, "poi_total": 45.0, "final_grid_id_cat": 1402.0, "catering": 13.0, "life_service": 18.0, "shopping": 14.0, "poi_density": 180.0, "road_length_m": 4656.8282922819444, "road_density_km_per_km2": 18.627313169127778, "intersection_count": 13.0, "mean_intersection_degree": 3.3076923076923075, "intersection_density_n_per_km2": 52.0, "model_fitted": 507.33746833224234, "model_residual": -327.33746833224234 }, "geometry": { "type": "Polygon", "coordinates": [ [ [ 305673.0, 3791925.0 ], [ 305673.0, 3792425.0 ], [ 306173.0, 3792425.0 ], [ 306173.0, 3791925.0 ], [ 305673.0, 3791925.0 ] ] ] } },
{ "type": "Feature", "properties": { "grid_id": 1403, "area_km2": 0.25, "distance_to_bell_m": 3640.5612771011183, "distance_to_bell_km": 3.6405612771011184, "final_grid_id": 1403.0, "poi_total": 42.0, "final_grid_id_cat": 1403.0, "catering": 2.0, "life_service": 18.0, "shopping": 22.0, "poi_density": 168.0, "road_length_m": 7317.7803011902552, "road_density_km_per_km2": 29.27112120476102, "intersection_count": 15.0, "mean_intersection_degree": 3.2666666666666666, "intersection_density_n_per_km2": 60.0, "model_fitted": 657.52119281568116, "model_residual": -489.52119281568116 }, "geometry": { "type": "Polygon", "coordinates": [ [ [ 306673.0, 3792425.0 ], [ 306673.0, 3792925.0 ], [ 307173.0, 3792925.0 ], [ 307173.0, 3792425.0 ], [ 306673.0, 3792425.0 ] ] ] } },
{ "type": "Feature", "properties": { "grid_id": 1404, "area_km2": 0.25, "distance_to_bell_m": 4138.6653153896004, "distance_to_bell_km": 4.1386653153896003, "final_grid_id": 1404.0, "poi_total": 22.0, "final_grid_id_cat": 1404.0, "catering": 5.0, "life_service": 8.0, "shopping": 9.0, "poi_density": 88.0, "road_length_m": 4768.4299774857309, "road_density_km_per_km2": 19.073719909942923, "intersection_count": 8.0, "mean_intersection_degree": 3.125, "intersection_density_n_per_km2": 32.0, "model_fitted": 567.35120899861704, "model_residual": -479.35120899861704 }, "geometry": { "type": "Polygon", "coordinates": [ [ [ 306173.0, 3792425.0 ], [ 306173.0, 3792925.0 ], [ 306673.0, 3792925.0 ], [ 306673.0, 3792425.0 ], [ 306173.0, 3792425.0 ] ] ] } },
{ "type": "Feature", "properties": { "grid_id": 1425, "area_km2": 0.25, "distance_to_bell_m": 4637.1774576017324, "distance_to_bell_km": 4.6371774576017319, "final_grid_id": 1425.0, "poi_total": 225.0, "final_grid_id_cat": 1425.0, "catering": 79.0, "life_service": 64.0, "shopping": 82.0, "poi_density": 900.0, "road_length_m": 7659.9253738339858, "road_density_km_per_km2": 30.639701495335942, "intersection_count": 25.0, "mean_intersection_degree": 3.08, "intersection_density_n_per_km2": 100.0, "model_fitted": 488.87366538491221, "model_residual": 411.12633461508779 }, "geometry": { "type": "Polygon", "coordinates": [ [ [ 305673.0, 3792425.0 ], [ 305673.0, 3792925.0 ], [ 306173.0, 3792925.0 ], [ 306173.0, 3792425.0 ], [ 305673.0, 3792425.0 ] ] ] } },
{ "type": "Feature", "properties": { "grid_id": 1427, "area_km2": 0.25, "distance_to_bell_m": 3628.4954612511842, "distance_to_bell_km": 3.6284954612511844, "final_grid_id": 1427.0, "poi_total": 52.0, "final_grid_id_cat": 1427.0, "catering": 21.0, "life_service": 9.0, "shopping": 22.0, "poi_density": 208.0, "road_length_m": 7806.9457626462217, "road_density_km_per_km2": 31.227783050584886, "intersection_count": 22.0, "mean_intersection_degree": 3.3636363636363638, "intersection_density_n_per_km2": 88.0, "model_fitted": 671.07726897272414, "model_residual": -463.07726897272414 }, "geometry": { "type": "Polygon", "coordinates": [ [ [ 306673.0, 3792925.0 ], [ 306673.0, 3793425.0 ], [ 307173.0, 3793425.0 ], [ 307173.0, 3792925.0 ], [ 306673.0, 3792925.0 ] ] ] } },
{ "type": "Feature", "properties": { "grid_id": 1428, "area_km2": 0.25, "distance_to_bell_m": 4128.0556552451199, "distance_to_bell_km": 4.1280556552451202, "final_grid_id": 1428.0, "poi_total": 55.0, "final_grid_id_cat": 1428.0, "catering": 19.0, "life_service": 13.0, "shopping": 23.0, "poi_density": 220.0, "road_length_m": 5891.6233959162855, "road_density_km_per_km2": 23.566493583665142, "intersection_count": 13.0, "mean_intersection_degree": 3.3076923076923075, "intersection_density_n_per_km2": 52.0, "model_fitted": 591.11572034952439, "model_residual": -371.11572034952439 }, "geometry": { "type": "Polygon", "coordinates": [ [ [ 306173.0, 3792925.0 ], [ 306173.0, 3793425.0 ], [ 306673.0, 3793425.0 ], [ 306673.0, 3792925.0 ], [ 306173.0, 3792925.0 ] ] ] } },
{ "type": "Feature", "properties": { "grid_id": 1429, "area_km2": 0.25, "distance_to_bell_m": 4627.710845902322, "distance_to_bell_km": 4.627710845902322, "final_grid_id": 1429.0, "poi_total": 78.0, "final_grid_id_cat": 1429.0, "catering": 33.0, "life_service": 15.0, "shopping": 30.0, "poi_density": 312.0, "road_length_m": 4389.2709697125529, "road_density_km_per_km2": 17.557083878850211, "intersection_count": 11.0, "mean_intersection_degree": 3.0909090909090908, "intersection_density_n_per_km2": 44.0, "model_fitted": 491.58631063693184, "model_residual": -179.58631063693184 }, "geometry": { "type": "Polygon", "coordinates": [ [ [ 305673.0, 3792925.0 ], [ 305673.0, 3793425.0 ], [ 306173.0, 3793425.0 ], [ 306173.0, 3792925.0 ], [ 305673.0, 3792925.0 ] ] ] } },
{ "type": "Feature", "properties": { "grid_id": 1431, "area_km2": 0.25, "distance_to_bell_m": 3684.8707185344724, "distance_to_bell_km": 3.6848707185344725, "final_grid_id": 1431.0, "poi_total": 168.0, "final_grid_id_cat": 1431.0, "catering": 48.0, "life_service": 42.0, "shopping": 78.0, "poi_density": 672.0, "road_length_m": 5395.5956961258416, "road_density_km_per_km2": 21.582382784503366, "intersection_count": 15.0, "mean_intersection_degree": 3.6666666666666665, "intersection_density_n_per_km2": 60.0, "model_fitted": 699.66193271547695, "model_residual": -27.661932715476951 }, "geometry": { "type": "Polygon", "coordinates": [ [ [ 306673.0, 3793425.0 ], [ 306673.0, 3793925.0 ], [ 307173.0, 3793925.0 ], [ 307173.0, 3793425.0 ], [ 306673.0, 3793425.0 ] ] ] } },
{ "type": "Feature", "properties": { "grid_id": 1433, "area_km2": 0.25, "distance_to_bell_m": 4672.0445816873689, "distance_to_bell_km": 4.672044581687369, "final_grid_id": 1433.0, "poi_total": 196.0, "final_grid_id_cat": 1433.0, "catering": 61.0, "life_service": 62.0, "shopping": 73.0, "poi_density": 784.0, "road_length_m": 4646.6695052900322, "road_density_km_per_km2": 18.586678021160129, "intersection_count": 12.0, "mean_intersection_degree": 3.0833333333333335, "intersection_density_n_per_km2": 48.0, "model_fitted": 484.17265255643713, "model_residual": 299.82734744356287 }, "geometry": { "type": "Polygon", "coordinates": [ [ [ 305673.0, 3793425.0 ], [ 305673.0, 3793925.0 ], [ 306173.0, 3793925.0 ], [ 306173.0, 3793425.0 ], [ 305673.0, 3793425.0 ] ] ] } },
{ "type": "Feature", "properties": { "grid_id": 1434, "area_km2": 0.25, "distance_to_bell_m": 4177.6951052935319, "distance_to_bell_km": 4.1776951052935321, "final_grid_id": 1434.0, "poi_total": 91.0, "final_grid_id_cat": 1434.0, "catering": 29.0, "life_service": 18.0, "shopping": 44.0, "poi_density": 364.0, "road_length_m": 3245.4986937288281, "road_density_km_per_km2": 12.981994774915313, "intersection_count": 6.0, "mean_intersection_degree": 3.6666666666666665, "intersection_density_n_per_km2": 24.0, "model_fitted": 627.48821099474867, "model_residual": -263.48821099474867 }, "geometry": { "type": "Polygon", "coordinates": [ [ [ 306173.0, 3793425.0 ], [ 306173.0, 3793925.0 ], [ 306673.0, 3793925.0 ], [ 306673.0, 3793425.0 ], [ 306173.0, 3793425.0 ] ] ] } },
{ "type": "Feature", "properties": { "grid_id": 1455, "area_km2": 0.25, "distance_to_bell_m": 3806.6474898925271, "distance_to_bell_km": 3.8066474898925273, "final_grid_id": 1455.0, "poi_total": 44.0, "final_grid_id_cat": 1455.0, "catering": 17.0, "life_service": 14.0, "shopping": 13.0, "poi_density": 176.0, "road_length_m": 2998.3008323129707, "road_density_km_per_km2": 11.993203329251882, "intersection_count": 8.0, "mean_intersection_degree": 3.0, "intersection_density_n_per_km2": 32.0, "model_fitted": 600.77812452498199, "model_residual": -424.77812452498199 }, "geometry": { "type": "Polygon", "coordinates": [ [ [ 306673.0, 3793925.0 ], [ 306673.0, 3794425.0 ], [ 307173.0, 3794425.0 ], [ 307173.0, 3793925.0 ], [ 306673.0, 3793925.0 ] ] ] } },
{ "type": "Feature", "properties": { "grid_id": 1457, "area_km2": 0.25, "distance_to_bell_m": 4768.678378048432, "distance_to_bell_km": 4.7686783780484321, "final_grid_id": 1457.0, "poi_total": 24.0, "final_grid_id_cat": 1457.0, "catering": 8.0, "life_service": 6.0, "shopping": 10.0, "poi_density": 96.0, "road_length_m": 3603.5718491754656, "road_density_km_per_km2": 14.414287396701862, "intersection_count": 12.0, "mean_intersection_degree": 3.25, "intersection_density_n_per_km2": 48.0, "model_fitted": 490.28313873465135, "model_residual": -394.28313873465135 }, "geometry": { "type": "Polygon", "coordinates": [ [ [ 305673.0, 3793925.0 ], [ 305673.0, 3794425.0 ], [ 306173.0, 3794425.0 ], [ 306173.0, 3793925.0 ], [ 305673.0, 3793925.0 ] ] ] } },
{ "type": "Feature", "properties": { "grid_id": 1458, "area_km2": 0.25, "distance_to_bell_m": 4285.4905545089996, "distance_to_bell_km": 4.2854905545089998, "final_grid_id": 1458.0, "poi_total": 15.0, "final_grid_id_cat": 1458.0, "catering": 4.0, "life_service": 4.0, "shopping": 7.0, "poi_density": 60.0, "road_length_m": 3040.9312659650268, "road_density_km_per_km2": 12.163725063860108, "intersection_count": 11.0, "mean_intersection_degree": 3.5454545454545454, "intersection_density_n_per_km2": 44.0, "model_fitted": 596.96534775396094, "model_residual": -536.96534775396094 }, "geometry": { "type": "Polygon", "coordinates": [ [ [ 306173.0, 3793925.0 ], [ 306173.0, 3794425.0 ], [ 306673.0, 3794425.0 ], [ 306673.0, 3793925.0 ], [ 306173.0, 3793925.0 ] ] ] } },
{ "type": "Feature", "properties": { "grid_id": 1459, "area_km2": 0.25, "distance_to_bell_m": 3987.8387645813104, "distance_to_bell_km": 3.9878387645813103, "final_grid_id": 1459.0, "poi_total": 34.0, "final_grid_id_cat": 1459.0, "catering": 3.0, "life_service": 15.0, "shopping": 16.0, "poi_density": 136.0, "road_length_m": 3375.9065027401107, "road_density_km_per_km2": 13.503626010960442, "intersection_count": 4.0, "mean_intersection_degree": 3.0, "intersection_density_n_per_km2": 16.0, "model_fitted": 574.24281298406663, "model_residual": -438.24281298406663 }, "geometry": { "type": "Polygon", "coordinates": [ [ [ 306673.0, 3794425.0 ], [ 306673.0, 3794925.0 ], [ 307173.0, 3794925.0 ], [ 307173.0, 3794425.0 ], [ 306673.0, 3794425.0 ] ] ] } },
{ "type": "Feature", "properties": { "grid_id": 1460, "area_km2": 0.25, "distance_to_bell_m": 4447.215105296591, "distance_to_bell_km": 4.4472151052965909, "final_grid_id": 1460.0, "poi_total": 104.0, "final_grid_id_cat": 1460.0, "catering": 32.0, "life_service": 39.0, "shopping": 33.0, "poi_density": 416.0, "road_length_m": 6325.5811979806222, "road_density_km_per_km2": 25.302324791922487, "intersection_count": 14.0, "mean_intersection_degree": 3.4285714285714284, "intersection_density_n_per_km2": 56.0, "model_fitted": 559.07090918452525, "model_residual": -143.07090918452525 }, "geometry": { "type": "Polygon", "coordinates": [ [ [ 306173.0, 3794425.0 ], [ 306173.0, 3794925.0 ], [ 306673.0, 3794925.0 ], [ 306673.0, 3794425.0 ], [ 306173.0, 3794425.0 ] ] ] } },
{ "type": "Feature", "properties": { "grid_id": 1462, "area_km2": 0.25, "distance_to_bell_m": 4914.5280926309633, "distance_to_bell_km": 4.9145280926309631, "final_grid_id": 1462.0, "poi_total": 22.0, "final_grid_id_cat": 1462.0, "catering": 8.0, "life_service": 6.0, "shopping": 8.0, "poi_density": 88.0, "road_length_m": 1972.0845993171883, "road_density_km_per_km2": 7.8883383972687531, "intersection_count": 2.0, "mean_intersection_degree": 3.5, "intersection_density_n_per_km2": 8.0, "model_fitted": 499.31720726439727, "model_residual": -411.31720726439727 }, "geometry": { "type": "Polygon", "coordinates": [ [ [ 305673.0, 3794425.0 ], [ 305673.0, 3794925.0 ], [ 306173.0, 3794925.0 ], [ 306173.0, 3794425.0 ], [ 305673.0, 3794425.0 ] ] ] } },
{ "type": "Feature", "properties": { "grid_id": 1463, "area_km2": 0.25, "distance_to_bell_m": 4220.7997953337835, "distance_to_bell_km": 4.2207997953337832, "final_grid_id": 1463.0, "poi_total": 138.0, "final_grid_id_cat": 1463.0, "catering": 49.0, "life_service": 33.0, "shopping": 56.0, "poi_density": 552.0, "road_length_m": 1018.4126260513203, "road_density_km_per_km2": 4.0736505042052817, "intersection_count": 0.0, "mean_intersection_degree": 0.0, "intersection_density_n_per_km2": 0.0, "model_fitted": 175.40220800673546, "model_residual": 376.59779199326454 }, "geometry": { "type": "Polygon", "coordinates": [ [ [ 306673.0, 3794925.0 ], [ 306673.0, 3795425.0 ], [ 307173.0, 3795425.0 ], [ 307173.0, 3794925.0 ], [ 306673.0, 3794925.0 ] ] ] } },
{ "type": "Feature", "properties": { "grid_id": 1476, "area_km2": 0.25, "distance_to_bell_m": 4657.2540292290778, "distance_to_bell_km": 4.6572540292290778, "final_grid_id": 1476.0, "poi_total": 210.0, "final_grid_id_cat": 1476.0, "catering": 74.0, "life_service": 51.0, "shopping": 85.0, "poi_density": 840.0, "road_length_m": 2862.5844420279645, "road_density_km_per_km2": 11.450337768111858, "intersection_count": 1.0, "mean_intersection_degree": 3.0, "intersection_density_n_per_km2": 4.0, "model_fitted": 476.20750400915529, "model_residual": 363.79249599084471 }, "geometry": { "type": "Polygon", "coordinates": [ [ [ 306173.0, 3794925.0 ], [ 306173.0, 3795425.0 ], [ 306673.0, 3795425.0 ], [ 306673.0, 3794925.0 ], [ 306173.0, 3794925.0 ] ] ] } },
{ "type": "Feature", "properties": { "grid_id": 1477, "area_km2": 0.25, "distance_to_bell_m": 4497.4930586141018, "distance_to_bell_km": 4.4974930586141015, "final_grid_id": 1477.0, "poi_total": 106.0, "final_grid_id_cat": 1477.0, "catering": 34.0, "life_service": 37.0, "shopping": 35.0, "poi_density": 424.0, "road_length_m": 1060.7991026807388, "road_density_km_per_km2": 4.2431964107229554, "intersection_count": 2.0, "mean_intersection_degree": 3.0, "intersection_density_n_per_km2": 8.0, "model_fitted": 499.60436533500524, "model_residual": -75.604365335005241 }, "geometry": { "type": "Polygon", "coordinates": [ [ [ 306673.0, 3795425.0 ], [ 306673.0, 3795925.0 ], [ 307173.0, 3795925.0 ], [ 307173.0, 3795425.0 ], [ 306673.0, 3795425.0 ] ] ] } },
{ "type": "Feature", "properties": { "grid_id": 1480, "area_km2": 0.25, "distance_to_bell_m": 4909.4101471320155, "distance_to_bell_km": 4.9094101471320153, "final_grid_id": 1480.0, "poi_total": 208.0, "final_grid_id_cat": 1480.0, "catering": 53.0, "life_service": 64.0, "shopping": 91.0, "poi_density": 832.0, "road_length_m": 2073.0070659885946, "road_density_km_per_km2": 8.2920282639543785, "intersection_count": 6.0, "mean_intersection_degree": 4.0, "intersection_density_n_per_km2": 24.0, "model_fitted": 560.85400207793532, "model_residual": 271.14599792206468 }, "geometry": { "type": "Polygon", "coordinates": [ [ [ 306173.0, 3795425.0 ], [ 306173.0, 3795925.0 ], [ 306673.0, 3795925.0 ], [ 306673.0, 3795425.0 ], [ 306173.0, 3795425.0 ] ] ] } },
{ "type": "Feature", "properties": { "grid_id": 1484, "area_km2": 0.25, "distance_to_bell_m": 4810.3780217644371, "distance_to_bell_km": 4.8103780217644374, "final_grid_id": 1484.0, "poi_total": 184.0, "final_grid_id_cat": 1484.0, "catering": 48.0, "life_service": 61.0, "shopping": 75.0, "poi_density": 736.0, "road_length_m": 4072.7090711112046, "road_density_km_per_km2": 16.290836284444818, "intersection_count": 6.0, "mean_intersection_degree": 3.6666666666666665, "intersection_density_n_per_km2": 24.0, "model_fitted": 534.83232387211251, "model_residual": 201.16767612788749 }, "geometry": { "type": "Polygon", "coordinates": [ [ [ 306673.0, 3795925.0 ], [ 306673.0, 3796425.0 ], [ 307173.0, 3796425.0 ], [ 307173.0, 3795925.0 ], [ 306673.0, 3795925.0 ] ] ] } },
{ "type": "Feature", "properties": { "grid_id": 1485, "area_km2": 0.25, "distance_to_bell_m": 1875.6050406482204, "distance_to_bell_km": 1.8756050406482205, "final_grid_id": 1485.0, "poi_total": 589.0, "final_grid_id_cat": 1485.0, "catering": 196.0, "life_service": 196.0, "shopping": 197.0, "poi_density": 2356.0, "road_length_m": 4896.657604484566, "road_density_km_per_km2": 19.586630417938263, "intersection_count": 18.0, "mean_intersection_degree": 3.9444444444444446, "intersection_density_n_per_km2": 72.0, "model_fitted": 998.39809593123186, "model_residual": 1357.6019040687681 }, "geometry": { "type": "Polygon", "coordinates": [ [ [ 310673.0, 3790925.0 ], [ 310673.0, 3791425.0 ], [ 311173.0, 3791425.0 ], [ 311173.0, 3790925.0 ], [ 310673.0, 3790925.0 ] ] ] } },
{ "type": "Feature", "properties": { "grid_id": 1486, "area_km2": 0.25, "distance_to_bell_m": 2035.4434622519591, "distance_to_bell_km": 2.0354434622519593, "final_grid_id": 1486.0, "poi_total": 336.0, "final_grid_id_cat": 1486.0, "catering": 94.0, "life_service": 74.0, "shopping": 168.0, "poi_density": 1344.0, "road_length_m": 4721.4476199650426, "road_density_km_per_km2": 18.885790479860169, "intersection_count": 8.0, "mean_intersection_degree": 3.75, "intersection_density_n_per_km2": 32.0, "model_fitted": 951.35039576963948, "model_residual": 392.64960423036052 }, "geometry": { "type": "Polygon", "coordinates": [ [ [ 311173.0, 3790925.0 ], [ 311173.0, 3791425.0 ], [ 311673.0, 3791425.0 ], [ 311673.0, 3790925.0 ], [ 311173.0, 3790925.0 ] ] ] } },
{ "type": "Feature", "properties": { "grid_id": 1487, "area_km2": 0.25, "distance_to_bell_m": 1918.4521905785896, "distance_to_bell_km": 1.9184521905785896, "final_grid_id": 1487.0, "poi_total": 33.0, "final_grid_id_cat": 1487.0, "catering": 6.0, "life_service": 14.0, "shopping": 13.0, "poi_density": 132.0, "road_length_m": 3645.0672361763627, "road_density_km_per_km2": 14.58026894470545, "intersection_count": 5.0, "mean_intersection_degree": 3.6, "intersection_density_n_per_km2": 20.0, "model_fitted": 950.24748745795944, "model_residual": -818.24748745795944 }, "geometry": { "type": "Polygon", "coordinates": [ [ [ 311673.0, 3791425.0 ], [ 311673.0, 3791925.0 ], [ 312173.0, 3791925.0 ], [ 312173.0, 3791425.0 ], [ 311673.0, 3791425.0 ] ] ] } },
{ "type": "Feature", "properties": { "grid_id": 1488, "area_km2": 0.25, "distance_to_bell_m": 2303.3876415087016, "distance_to_bell_km": 2.3033876415087016, "final_grid_id": 1488.0, "poi_total": 124.0, "final_grid_id_cat": 1488.0, "catering": 45.0, "life_service": 35.0, "shopping": 44.0, "poi_density": 496.0, "road_length_m": 3852.1961426489693, "road_density_km_per_km2": 15.408784570595877, "intersection_count": 4.0, "mean_intersection_degree": 3.75, "intersection_density_n_per_km2": 16.0, "model_fitted": 912.11019347863635, "model_residual": -416.11019347863635 }, "geometry": { "type": "Polygon", "coordinates": [ [ [ 312173.0, 3791425.0 ], [ 312173.0, 3791925.0 ], [ 312673.0, 3791925.0 ], [ 312673.0, 3791425.0 ], [ 312173.0, 3791425.0 ] ] ] } },
{ "type": "Feature", "properties": { "grid_id": 1489, "area_km2": 0.25, "distance_to_bell_m": 1389.3117607280697, "distance_to_bell_km": 1.3893117607280696, "final_grid_id": 1489.0, "poi_total": 478.0, "final_grid_id_cat": 1489.0, "catering": 136.0, "life_service": 141.0, "shopping": 201.0, "poi_density": 1912.0, "road_length_m": 5484.8100054020606, "road_density_km_per_km2": 21.939240021608242, "intersection_count": 12.0, "mean_intersection_degree": 3.75, "intersection_density_n_per_km2": 48.0, "model_fitted": 1045.975846282349, "model_residual": 866.02415371765096 }, "geometry": { "type": "Polygon", "coordinates": [ [ [ 310673.0, 3791425.0 ], [ 310673.0, 3791925.0 ], [ 311173.0, 3791925.0 ], [ 311173.0, 3791425.0 ], [ 310673.0, 3791425.0 ] ] ] } },
{ "type": "Feature", "properties": { "grid_id": 1490, "area_km2": 0.25, "distance_to_bell_m": 1598.5377655897153, "distance_to_bell_km": 1.5985377655897153, "final_grid_id": 1490.0, "poi_total": 513.0, "final_grid_id_cat": 1490.0, "catering": 140.0, "life_service": 192.0, "shopping": 181.0, "poi_density": 2052.0, "road_length_m": 3492.8929605706849, "road_density_km_per_km2": 13.971571842282739, "intersection_count": 6.0, "mean_intersection_degree": 3.3333333333333335, "intersection_density_n_per_km2": 24.0, "model_fitted": 964.67880852311691, "model_residual": 1087.3211914768831 }, "geometry": { "type": "Polygon", "coordinates": [ [ [ 311173.0, 3791425.0 ], [ 311173.0, 3791925.0 ], [ 311673.0, 3791925.0 ], [ 311673.0, 3791425.0 ], [ 311173.0, 3791425.0 ] ] ] } },
{ "type": "Feature", "properties": { "grid_id": 1491, "area_km2": 0.25, "distance_to_bell_m": 2053.7496261831275, "distance_to_bell_km": 2.0537496261831274, "final_grid_id": 1491.0, "poi_total": 225.0, "final_grid_id_cat": 1491.0, "catering": 95.0, "life_service": 55.0, "shopping": 75.0, "poi_density": 900.0, "road_length_m": 5441.7253515988004, "road_density_km_per_km2": 21.766901406395203, "intersection_count": 14.0, "mean_intersection_degree": 3.2857142857142856, "intersection_density_n_per_km2": 56.0, "model_fitted": 892.2241456131635, "model_residual": 7.7758543868364995 }, "geometry": { "type": "Polygon", "coordinates": [ [ [ 312173.0, 3791925.0 ], [ 312173.0, 3792425.0 ], [ 312673.0, 3792425.0 ], [ 312673.0, 3791925.0 ], [ 312173.0, 3791925.0 ] ] ] } },
{ "type": "Feature", "properties": { "grid_id": 1492, "area_km2": 0.25, "distance_to_bell_m": 1610.2023809223815, "distance_to_bell_km": 1.6102023809223815, "final_grid_id": 1492.0, "poi_total": 152.0, "final_grid_id_cat": 1492.0, "catering": 60.0, "life_service": 34.0, "shopping": 58.0, "poi_density": 608.0, "road_length_m": 6428.3691100506712, "road_density_km_per_km2": 25.713476440202683, "intersection_count": 21.0, "mean_intersection_degree": 3.6190476190476191, "intersection_density_n_per_km2": 84.0, "model_fitted": 997.70612156249399, "model_residual": -389.70612156249399 }, "geometry": { "type": "Polygon", "coordinates": [ [ [ 311673.0, 3791925.0 ], [ 311673.0, 3792425.0 ], [ 312173.0, 3792425.0 ], [ 312173.0, 3791925.0 ], [ 311673.0, 3791925.0 ] ] ] } },
{ "type": "Feature", "properties": { "grid_id": 1493, "area_km2": 0.25, "distance_to_bell_m": 917.86713008454899, "distance_to_bell_km": 0.91786713008454901, "final_grid_id": 1493.0, "poi_total": 357.0, "final_grid_id_cat": 1493.0, "catering": 132.0, "life_service": 57.0, "shopping": 168.0, "poi_density": 1428.0, "road_length_m": 4018.8743842095582, "road_density_km_per_km2": 16.075497536838235, "intersection_count": 12.0, "mean_intersection_degree": 3.25, "intersection_density_n_per_km2": 48.0, "model_fitted": 1054.2312445443447, "model_residual": 373.76875545565531 }, "geometry": { "type": "Polygon", "coordinates": [ [ [ 310673.0, 3791925.0 ], [ 310673.0, 3792425.0 ], [ 311173.0, 3792425.0 ], [ 311173.0, 3791925.0 ], [ 310673.0, 3791925.0 ] ] ] } },
{ "type": "Feature", "properties": { "grid_id": 1494, "area_km2": 0.25, "distance_to_bell_m": 1211.4519751145219, "distance_to_bell_km": 1.2114519751145219, "final_grid_id": 1494.0, "poi_total": 303.0, "final_grid_id_cat": 1494.0, "catering": 70.0, "life_service": 43.0, "shopping": 190.0, "poi_density": 1212.0, "road_length_m": 5330.204202815713, "road_density_km_per_km2": 21.320816811262851, "intersection_count": 7.0, "mean_intersection_degree": 3.7142857142857144, "intersection_density_n_per_km2": 28.0, "model_fitted": 1067.6813157357492, "model_residual": 144.31868426425081 }, "geometry": { "type": "Polygon", "coordinates": [ [ [ 311173.0, 3791925.0 ], [ 311173.0, 3792425.0 ], [ 311673.0, 3792425.0 ], [ 311673.0, 3791925.0 ], [ 311173.0, 3791925.0 ] ] ] } },
{ "type": "Feature", "properties": { "grid_id": 1495, "area_km2": 0.25, "distance_to_bell_m": 3399.1523107773091, "distance_to_bell_km": 3.3991523107773092, "final_grid_id": 1495.0, "poi_total": 218.0, "final_grid_id_cat": 1495.0, "catering": 48.0, "life_service": 25.0, "shopping": 145.0, "poi_density": 872.0, "road_length_m": 4925.3227067020389, "road_density_km_per_km2": 19.701290826808155, "intersection_count": 9.0, "mean_intersection_degree": 3.0, "intersection_density_n_per_km2": 36.0, "model_fitted": 660.45545472653862, "model_residual": 211.54454527346138 }, "geometry": { "type": "Polygon", "coordinates": [ [ [ 307173.0, 3791425.0 ], [ 307173.0, 3791925.0 ], [ 307673.0, 3791925.0 ], [ 307673.0, 3791425.0 ], [ 307173.0, 3791425.0 ] ] ] } },
{ "type": "Feature", "properties": { "grid_id": 1496, "area_km2": 0.25, "distance_to_bell_m": 2510.8779482287032, "distance_to_bell_km": 2.5108779482287034, "final_grid_id": 1496.0, "poi_total": 162.0, "final_grid_id_cat": 1496.0, "catering": 34.0, "life_service": 40.0, "shopping": 88.0, "poi_density": 648.0, "road_length_m": 6907.9988084094311, "road_density_km_per_km2": 27.631995233637724, "intersection_count": 22.0, "mean_intersection_degree": 3.3636363636363638, "intersection_density_n_per_km2": 88.0, "model_fitted": 834.75142459954895, "model_residual": -186.75142459954895 }, "geometry": { "type": "Polygon", "coordinates": [ [ [ 308173.0, 3791425.0 ], [ 308173.0, 3791925.0 ], [ 308673.0, 3791925.0 ], [ 308673.0, 3791425.0 ], [ 308173.0, 3791425.0 ] ] ] } },
{ "type": "Feature", "properties": { "grid_id": 1497, "area_km2": 0.25, "distance_to_bell_m": 2946.0774347226434, "distance_to_bell_km": 2.9460774347226435, "final_grid_id": 1497.0, "poi_total": 171.0, "final_grid_id_cat": 1497.0, "catering": 71.0, "life_service": 47.0, "shopping": 53.0, "poi_density": 684.0, "road_length_m": 7663.7184960263367, "road_density_km_per_km2": 30.654873984105347, "intersection_count": 24.0, "mean_intersection_degree": 3.0, "intersection_density_n_per_km2": 96.0, "model_fitted": 726.80789365121768, "model_residual": -42.807893651217682 }, "geometry": { "type": "Polygon", "coordinates": [ [ [ 307673.0, 3791425.0 ], [ 307673.0, 3791925.0 ], [ 308173.0, 3791925.0 ], [ 308173.0, 3791425.0 ], [ 307673.0, 3791425.0 ] ] ] } },
{ "type": "Feature", "properties": { "grid_id": 1498, "area_km2": 0.25, "distance_to_bell_m": 2755.2976520467382, "distance_to_bell_km": 2.755297652046738, "final_grid_id": 1498.0, "poi_total": 121.0, "final_grid_id_cat": 1498.0, "catering": 33.0, "life_service": 32.0, "shopping": 56.0, "poi_density": 484.0, "road_length_m": 5839.6783997551274, "road_density_km_per_km2": 23.358713599020511, "intersection_count": 19.0, "mean_intersection_degree": 3.1052631578947367, "intersection_density_n_per_km2": 76.0, "model_fitted": 767.54475546789433, "model_residual": -283.54475546789433 }, "geometry": { "type": "Polygon", "coordinates": [ [ [ 307673.0, 3791925.0 ], [ 307673.0, 3792425.0 ], [ 308173.0, 3792425.0 ], [ 308173.0, 3791925.0 ], [ 307673.0, 3791925.0 ] ] ] } },
{ "type": "Feature", "properties": { "grid_id": 1499, "area_km2": 0.25, "distance_to_bell_m": 3235.2015906052961, "distance_to_bell_km": 3.2352015906052962, "final_grid_id": 1499.0, "poi_total": 64.0, "final_grid_id_cat": 1499.0, "catering": 24.0, "life_service": 17.0, "shopping": 23.0, "poi_density": 256.0, "road_length_m": 1340.1590206514911, "road_density_km_per_km2": 5.3606360826059642, "intersection_count": 0.0, "mean_intersection_degree": 0.0, "intersection_density_n_per_km2": 0.0, "model_fitted": 319.74224569099175, "model_residual": -63.742245690991751 }, "geometry": { "type": "Polygon", "coordinates": [ [ [ 307173.0, 3791925.0 ], [ 307173.0, 3792425.0 ], [ 307673.0, 3792425.0 ], [ 307673.0, 3791925.0 ], [ 307173.0, 3791925.0 ] ] ] } },
{ "type": "Feature", "properties": { "grid_id": 1500, "area_km2": 0.25, "distance_to_bell_m": 2284.0317359646074, "distance_to_bell_km": 2.2840317359646072, "final_grid_id": 1500.0, "poi_total": 244.0, "final_grid_id_cat": 1500.0, "catering": 44.0, "life_service": 56.0, "shopping": 144.0, "poi_density": 976.0, "road_length_m": 6127.1346284272568, "road_density_km_per_km2": 24.508538513709027, "intersection_count": 17.0, "mean_intersection_degree": 3.4705882352941178, "intersection_density_n_per_km2": 68.0, "model_fitted": 880.97548966384215, "model_residual": 95.024510336157846 }, "geometry": { "type": "Polygon", "coordinates": [ [ [ 308173.0, 3791925.0 ], [ 308173.0, 3792425.0 ], [ 308673.0, 3792425.0 ], [ 308673.0, 3791925.0 ], [ 308173.0, 3791925.0 ] ] ] } },
{ "type": "Feature", "properties": { "grid_id": 1501, "area_km2": 0.25, "distance_to_bell_m": 2151.5329118760451, "distance_to_bell_km": 2.1515329118760449, "final_grid_id": 1501.0, "poi_total": 263.0, "final_grid_id_cat": 1501.0, "catering": 99.0, "life_service": 84.0, "shopping": 80.0, "poi_density": 1052.0, "road_length_m": 4992.5785955962183, "road_density_km_per_km2": 19.970314382384874, "intersection_count": 13.0, "mean_intersection_degree": 3.1538461538461537, "intersection_density_n_per_km2": 52.0, "model_fitted": 861.87205567587705, "model_residual": 190.12794432412295 }, "geometry": { "type": "Polygon", "coordinates": [ [ [ 308173.0, 3792425.0 ], [ 308173.0, 3792925.0 ], [ 308673.0, 3792925.0 ], [ 308673.0, 3792425.0 ], [ 308173.0, 3792425.0 ] ] ] } },
{ "type": "Feature", "properties": { "grid_id": 1502, "area_km2": 0.25, "distance_to_bell_m": 2646.499206757218, "distance_to_bell_km": 2.6464992067572179, "final_grid_id": 1502.0, "poi_total": 403.0, "final_grid_id_cat": 1502.0, "catering": 121.0, "life_service": 124.0, "shopping": 158.0, "poi_density": 1612.0, "road_length_m": 4740.2019987325839, "road_density_km_per_km2": 18.960807994930335, "intersection_count": 8.0, "mean_intersection_degree": 3.25, "intersection_density_n_per_km2": 32.0, "model_fitted": 801.07451405102734, "model_residual": 810.92548594897266 }, "geometry": { "type": "Polygon", "coordinates": [ [ [ 307673.0, 3792425.0 ], [ 307673.0, 3792925.0 ], [ 308173.0, 3792925.0 ], [ 308173.0, 3792425.0 ], [ 307673.0, 3792425.0 ] ] ] } },
{ "type": "Feature", "properties": { "grid_id": 1503, "area_km2": 0.25, "distance_to_bell_m": 3143.0593745342062, "distance_to_bell_km": 3.1430593745342064, "final_grid_id": 1503.0, "poi_total": 177.0, "final_grid_id_cat": 1503.0, "catering": 66.0, "life_service": 45.0, "shopping": 66.0, "poi_density": 708.0, "road_length_m": 5227.6926624319831, "road_density_km_per_km2": 20.910770649727933, "intersection_count": 9.0, "mean_intersection_degree": 3.2222222222222223, "intersection_density_n_per_km2": 36.0, "model_fitted": 724.97661941992669, "model_residual": -16.976619419926692 }, "geometry": { "type": "Polygon", "coordinates": [ [ [ 307173.0, 3792425.0 ], [ 307173.0, 3792925.0 ], [ 307673.0, 3792925.0 ], [ 307673.0, 3792425.0 ], [ 307173.0, 3792425.0 ] ] ] } },
{ "type": "Feature", "properties": { "grid_id": 1504, "area_km2": 0.25, "distance_to_bell_m": 2131.0529723303762, "distance_to_bell_km": 2.1310529723303762, "final_grid_id": 1504.0, "poi_total": 269.0, "final_grid_id_cat": 1504.0, "catering": 102.0, "life_service": 68.0, "shopping": 99.0, "poi_density": 1076.0, "road_length_m": 6012.4715634030599, "road_density_km_per_km2": 24.04988625361224, "intersection_count": 24.0, "mean_intersection_degree": 3.5, "intersection_density_n_per_km2": 96.0, "model_fitted": 906.9548245306089, "model_residual": 169.0451754693911 }, "geometry": { "type": "Polygon", "coordinates": [ [ [ 308173.0, 3792925.0 ], [ 308173.0, 3793425.0 ], [ 308673.0, 3793425.0 ], [ 308673.0, 3792925.0 ], [ 308173.0, 3792925.0 ] ] ] } },
{ "type": "Feature", "properties": { "grid_id": 1505, "area_km2": 0.25, "distance_to_bell_m": 846.96177538919471, "distance_to_bell_km": 0.8469617753891947, "final_grid_id": 1505.0, "poi_total": 318.0, "final_grid_id_cat": 1505.0, "catering": 151.0, "life_service": 47.0, "shopping": 120.0, "poi_density": 1272.0, "road_length_m": 5120.0672315180673, "road_density_km_per_km2": 20.48026892607227, "intersection_count": 25.0, "mean_intersection_degree": 3.08, "intersection_density_n_per_km2": 100.0, "model_fitted": 1043.9476009677455, "model_residual": 228.05239903225447 }, "geometry": { "type": "Polygon", "coordinates": [ [ [ 310173.0, 3791925.0 ], [ 310173.0, 3792425.0 ], [ 310673.0, 3792425.0 ], [ 310673.0, 3791925.0 ], [ 310173.0, 3791925.0 ] ] ] } },
{ "type": "Feature", "properties": { "grid_id": 1506, "area_km2": 0.25, "distance_to_bell_m": 1045.0877616024345, "distance_to_bell_km": 1.0450877616024346, "final_grid_id": 1506.0, "poi_total": 221.0, "final_grid_id_cat": 1506.0, "catering": 127.0, "life_service": 29.0, "shopping": 65.0, "poi_density": 884.0, "road_length_m": 6734.8026019473809, "road_density_km_per_km2": 26.939210407789524, "intersection_count": 18.0, "mean_intersection_degree": 3.5555555555555554, "intersection_density_n_per_km2": 72.0, "model_fitted": 1072.7476685734564, "model_residual": -188.74766857345639 }, "geometry": { "type": "Polygon", "coordinates": [ [ [ 309673.0, 3791925.0 ], [ 309673.0, 3792425.0 ], [ 310173.0, 3792425.0 ], [ 310173.0, 3791925.0 ], [ 309673.0, 3791925.0 ] ] ] } },
{ "type": "Feature", "properties": { "grid_id": 1507, "area_km2": 0.25, "distance_to_bell_m": 1828.0964937367851, "distance_to_bell_km": 1.8280964937367852, "final_grid_id": 1507.0, "poi_total": 79.0, "final_grid_id_cat": 1507.0, "catering": 20.0, "life_service": 8.0, "shopping": 51.0, "poi_density": 316.0, "road_length_m": 5083.7498399646402, "road_density_km_per_km2": 20.334999359858561, "intersection_count": 19.0, "mean_intersection_degree": 3.0526315789473686, "intersection_density_n_per_km2": 76.0, "model_fitted": 896.93393362746508, "model_residual": -580.93393362746508 }, "geometry": { "type": "Polygon", "coordinates": [ [ [ 308673.0, 3791925.0 ], [ 308673.0, 3792425.0 ], [ 309173.0, 3792425.0 ], [ 309173.0, 3791925.0 ], [ 308673.0, 3791925.0 ] ] ] } },
{ "type": "Feature", "properties": { "grid_id": 1508, "area_km2": 0.25, "distance_to_bell_m": 1402.523657530224, "distance_to_bell_km": 1.402523657530224, "final_grid_id": 1508.0, "poi_total": 204.0, "final_grid_id_cat": 1508.0, "catering": 80.0, "life_service": 43.0, "shopping": 81.0, "poi_density": 816.0, "road_length_m": 6766.0494130517036, "road_density_km_per_km2": 27.064197652206815, "intersection_count": 15.0, "mean_intersection_degree": 3.6, "intersection_density_n_per_km2": 60.0, "model_fitted": 1025.8047921946281, "model_residual": -209.80479219462813 }, "geometry": { "type": "Polygon", "coordinates": [ [ [ 309173.0, 3791925.0 ], [ 309173.0, 3792425.0 ], [ 309673.0, 3792425.0 ], [ 309673.0, 3791925.0 ], [ 309173.0, 3791925.0 ] ] ] } },
{ "type": "Feature", "properties": { "grid_id": 1509, "area_km2": 0.25, "distance_to_bell_m": 710.28257013916925, "distance_to_bell_km": 0.71028257013916929, "final_grid_id": 1509.0, "poi_total": 252.0, "final_grid_id_cat": 1509.0, "catering": 80.0, "life_service": 64.0, "shopping": 108.0, "poi_density": 1008.0, "road_length_m": 5065.3334494933697, "road_density_km_per_km2": 20.261333797973478, "intersection_count": 17.0, "mean_intersection_degree": 3.5294117647058822, "intersection_density_n_per_km2": 68.0, "model_fitted": 1118.6011908582434, "model_residual": -110.6011908582434 }, "geometry": { "type": "Polygon", "coordinates": [ [ [ 309673.0, 3792425.0 ], [ 309673.0, 3792925.0 ], [ 310173.0, 3792925.0 ], [ 310173.0, 3792425.0 ], [ 309673.0, 3792425.0 ] ] ] } },
{ "type": "Feature", "properties": { "grid_id": 1510, "area_km2": 0.25, "distance_to_bell_m": 1659.5872048208387, "distance_to_bell_km": 1.6595872048208387, "final_grid_id": 1510.0, "poi_total": 213.0, "final_grid_id_cat": 1510.0, "catering": 84.0, "life_service": 60.0, "shopping": 69.0, "poi_density": 852.0, "road_length_m": 4946.9866004198002, "road_density_km_per_km2": 19.7879464016792, "intersection_count": 9.0, "mean_intersection_degree": 3.2222222222222223, "intersection_density_n_per_km2": 36.0, "model_fitted": 942.22988535800732, "model_residual": -90.229885358007323 }, "geometry": { "type": "Polygon", "coordinates": [ [ [ 308673.0, 3792425.0 ], [ 308673.0, 3792925.0 ], [ 309173.0, 3792925.0 ], [ 309173.0, 3792425.0 ], [ 308673.0, 3792425.0 ] ] ] } },
{ "type": "Feature", "properties": { "grid_id": 1511, "area_km2": 0.25, "distance_to_bell_m": 360.05159208470889, "distance_to_bell_km": 0.36005159208470888, "final_grid_id": 1511.0, "poi_total": 452.0, "final_grid_id_cat": 1511.0, "catering": 132.0, "life_service": 132.0, "shopping": 188.0, "poi_density": 1808.0, "road_length_m": 4900.2308254828931, "road_density_km_per_km2": 19.600923301931573, "intersection_count": 13.0, "mean_intersection_degree": 3.3076923076923075, "intersection_density_n_per_km2": 52.0, "model_fitted": 1142.9367827882807, "model_residual": 665.06321721171935 }, "geometry": { "type": "Polygon", "coordinates": [ [ [ 310173.0, 3792425.0 ], [ 310173.0, 3792925.0 ], [ 310673.0, 3792925.0 ], [ 310673.0, 3792425.0 ], [ 310173.0, 3792425.0 ] ] ] } },
{ "type": "Feature", "properties": { "grid_id": 1512, "area_km2": 0.25, "distance_to_bell_m": 1174.4639244882212, "distance_to_bell_km": 1.1744639244882211, "final_grid_id": 1512.0, "poi_total": 370.0, "final_grid_id_cat": 1512.0, "catering": 158.0, "life_service": 93.0, "shopping": 119.0, "poi_density": 1480.0, "road_length_m": 6284.9458814215977, "road_density_km_per_km2": 25.13978352568639, "intersection_count": 18.0, "mean_intersection_degree": 3.7777777777777777, "intersection_density_n_per_km2": 72.0, "model_fitted": 1080.8172041674313, "model_residual": 399.18279583256867 }, "geometry": { "type": "Polygon", "coordinates": [ [ [ 309173.0, 3792425.0 ], [ 309173.0, 3792925.0 ], [ 309673.0, 3792925.0 ], [ 309673.0, 3792425.0 ], [ 309173.0, 3792425.0 ] ] ] } },
{ "type": "Feature", "properties": { "grid_id": 1513, "area_km2": 0.25, "distance_to_bell_m": 645.59602650250326, "distance_to_bell_km": 0.64559602650250325, "final_grid_id": 1513.0, "poi_total": 302.0, "final_grid_id_cat": 1513.0, "catering": 176.0, "life_service": 33.0, "shopping": 93.0, "poi_density": 1208.0, "road_length_m": 3177.984575856537, "road_density_km_per_km2": 12.711938303426148, "intersection_count": 12.0, "mean_intersection_degree": 3.9166666666666665, "intersection_density_n_per_km2": 48.0, "model_fitted": 1175.1548225723486, "model_residual": 32.845177427651379 }, "geometry": { "type": "Polygon", "coordinates": [ [ [ 309673.0, 3792925.0 ], [ 309673.0, 3793425.0 ], [ 310173.0, 3793425.0 ], [ 310173.0, 3792925.0 ], [ 309673.0, 3792925.0 ] ] ] } },
{ "type": "Feature", "properties": { "grid_id": 1514, "area_km2": 0.25, "distance_to_bell_m": 204.76828112539934, "distance_to_bell_km": 0.20476828112539935, "final_grid_id": 1514.0, "poi_total": 414.0, "final_grid_id_cat": 1514.0, "catering": 196.0, "life_service": 25.0, "shopping": 193.0, "poi_density": 1656.0, "road_length_m": 4388.0458790512012, "road_density_km_per_km2": 17.552183516204806, "intersection_count": 22.0, "mean_intersection_degree": 3.1818181818181817, "intersection_density_n_per_km2": 88.0, "model_fitted": 1150.3748041311724, "model_residual": 505.62519586882763 }, "geometry": { "type": "Polygon", "coordinates": [ [ [ 310173.0, 3792925.0 ], [ 310173.0, 3793425.0 ], [ 310673.0, 3793425.0 ], [ 310673.0, 3792925.0 ], [ 310173.0, 3792925.0 ] ] ] } },
{ "type": "Feature", "properties": { "grid_id": 1515, "area_km2": 0.25, "distance_to_bell_m": 1415.9959772260734, "distance_to_bell_km": 1.4159959772260733, "final_grid_id": 1515.0, "poi_total": 350.0, "final_grid_id_cat": 1515.0, "catering": 158.0, "life_service": 90.0, "shopping": 102.0, "poi_density": 1400.0, "road_length_m": 7374.7397863648175, "road_density_km_per_km2": 29.498959145459271, "intersection_count": 26.0, "mean_intersection_degree": 3.3076923076923075, "intersection_density_n_per_km2": 104.0, "model_fitted": 988.29460546636597, "model_residual": 411.70539453363403 }, "geometry": { "type": "Polygon", "coordinates": [ [ [ 311673.0, 3792425.0 ], [ 311673.0, 3792925.0 ], [ 312173.0, 3792925.0 ], [ 312173.0, 3792425.0 ], [ 311673.0, 3792425.0 ] ] ] } },
{ "type": "Feature", "properties": { "grid_id": 1516, "area_km2": 0.25, "distance_to_bell_m": 1905.3032375555479, "distance_to_bell_km": 1.9053032375555479, "final_grid_id": 1516.0, "poi_total": 413.0, "final_grid_id_cat": 1516.0, "catering": 169.0, "life_service": 120.0, "shopping": 124.0, "poi_density": 1652.0, "road_length_m": 6249.5837401911522, "road_density_km_per_km2": 24.998334960764609, "intersection_count": 14.0, "mean_intersection_degree": 3.2142857142857144, "intersection_density_n_per_km2": 56.0, "model_fitted": 905.28009924927551, "model_residual": 746.71990075072449 }, "geometry": { "type": "Polygon", "coordinates": [ [ [ 312173.0, 3792425.0 ], [ 312173.0, 3792925.0 ], [ 312673.0, 3792925.0 ], [ 312673.0, 3792425.0 ], [ 312173.0, 3792425.0 ] ] ] } },
{ "type": "Feature", "properties": { "grid_id": 1517, "area_km2": 0.25, "distance_to_bell_m": 504.75040216126951, "distance_to_bell_km": 0.50475040216126954, "final_grid_id": 1517.0, "poi_total": 506.0, "final_grid_id_cat": 1517.0, "catering": 200.0, "life_service": 94.0, "shopping": 212.0, "poi_density": 2024.0, "road_length_m": 2312.4992061342346, "road_density_km_per_km2": 9.2499968245369377, "intersection_count": 6.0, "mean_intersection_degree": 3.0, "intersection_density_n_per_km2": 24.0, "model_fitted": 1084.338207920181, "model_residual": 939.66179207981895 }, "geometry": { "type": "Polygon", "coordinates": [ [ [ 310673.0, 3792425.0 ], [ 310673.0, 3792925.0 ], [ 311173.0, 3792925.0 ], [ 311173.0, 3792425.0 ], [ 310673.0, 3792425.0 ] ] ] } },
{ "type": "Feature", "properties": { "grid_id": 1518, "area_km2": 0.25, "distance_to_bell_m": 938.03453454613975, "distance_to_bell_km": 0.93803453454613972, "final_grid_id": 1518.0, "poi_total": 552.0, "final_grid_id_cat": 1518.0, "catering": 188.0, "life_service": 167.0, "shopping": 197.0, "poi_density": 2208.0, "road_length_m": 4921.8203372896478, "road_density_km_per_km2": 19.687281349158592, "intersection_count": 13.0, "mean_intersection_degree": 3.3846153846153846, "intersection_density_n_per_km2": 52.0, "model_fitted": 1067.6435499910465, "model_residual": 1140.3564500089535 }, "geometry": { "type": "Polygon", "coordinates": [ [ [ 311173.0, 3792425.0 ], [ 311173.0, 3792925.0 ], [ 311673.0, 3792925.0 ], [ 311673.0, 3792425.0 ], [ 311173.0, 3792425.0 ] ] ] } },
{ "type": "Feature", "properties": { "grid_id": 1519, "area_km2": 0.25, "distance_to_bell_m": 1384.6795685330017, "distance_to_bell_km": 1.3846795685330016, "final_grid_id": 1519.0, "poi_total": 269.0, "final_grid_id_cat": 1519.0, "catering": 45.0, "life_service": 30.0, "shopping": 194.0, "poi_density": 1076.0, "road_length_m": 5092.116091921429, "road_density_km_per_km2": 20.368464367685714, "intersection_count": 23.0, "mean_intersection_degree": 3.7391304347826089, "intersection_density_n_per_km2": 92.0, "model_fitted": 1045.3327644575893, "model_residual": 30.667235542410708 }, "geometry": { "type": "Polygon", "coordinates": [ [ [ 311673.0, 3792925.0 ], [ 311673.0, 3793425.0 ], [ 312173.0, 3793425.0 ], [ 312173.0, 3792925.0 ], [ 311673.0, 3792925.0 ] ] ] } },
{ "type": "Feature", "properties": { "grid_id": 1520, "area_km2": 0.25, "distance_to_bell_m": 890.05712625286594, "distance_to_bell_km": 0.89005712625286593, "final_grid_id": 1520.0, "poi_total": 377.0, "final_grid_id_cat": 1520.0, "catering": 115.0, "life_service": 87.0, "shopping": 175.0, "poi_density": 1508.0, "road_length_m": 6553.2818279074108, "road_density_km_per_km2": 26.213127311629645, "intersection_count": 33.0, "mean_intersection_degree": 3.6969696969696968, "intersection_density_n_per_km2": 132.0, "model_fitted": 1112.6441371071378, "model_residual": 395.35586289286221 }, "geometry": { "type": "Polygon", "coordinates": [ [ [ 311173.0, 3792925.0 ], [ 311173.0, 3793425.0 ], [ 311673.0, 3793425.0 ], [ 311673.0, 3792925.0 ], [ 311173.0, 3792925.0 ] ] ] } },
{ "type": "Feature", "properties": { "grid_id": 1521, "area_km2": 0.25, "distance_to_bell_m": 408.73691841364206, "distance_to_bell_km": 0.40873691841364207, "final_grid_id": 1521.0, "poi_total": 353.0, "final_grid_id_cat": 1521.0, "catering": 123.0, "life_service": 92.0, "shopping": 138.0, "poi_density": 1412.0, "road_length_m": 4319.2577304518745, "road_density_km_per_km2": 17.277030921807498, "intersection_count": 8.0, "mean_intersection_degree": 3.125, "intersection_density_n_per_km2": 32.0, "model_fitted": 1113.5961217796826, "model_residual": 298.40387822031744 }, "geometry": { "type": "Polygon", "coordinates": [ [ [ 310673.0, 3792925.0 ], [ 310673.0, 3793425.0 ], [ 311173.0, 3793425.0 ], [ 311173.0, 3792925.0 ], [ 310673.0, 3792925.0 ] ] ] } },
{ "type": "Feature", "properties": { "grid_id": 1522, "area_km2": 0.25, "distance_to_bell_m": 1882.1459366988443, "distance_to_bell_km": 1.8821459366988442, "final_grid_id": 1522.0, "poi_total": 272.0, "final_grid_id_cat": 1522.0, "catering": 101.0, "life_service": 48.0, "shopping": 123.0, "poi_density": 1088.0, "road_length_m": 6363.1067768404591, "road_density_km_per_km2": 25.452427107361835, "intersection_count": 23.0, "mean_intersection_degree": 3.4782608695652173, "intersection_density_n_per_km2": 92.0, "model_fitted": 940.76412792332803, "model_residual": 147.23587207667197 }, "geometry": { "type": "Polygon", "coordinates": [ [ [ 312173.0, 3792925.0 ], [ 312173.0, 3793425.0 ], [ 312673.0, 3793425.0 ], [ 312673.0, 3792925.0 ], [ 312173.0, 3792925.0 ] ] ] } },
{ "type": "Feature", "properties": { "grid_id": 1523, "area_km2": 0.25, "distance_to_bell_m": 1988.659404479381, "distance_to_bell_km": 1.9886594044793811, "final_grid_id": 1523.0, "poi_total": 469.0, "final_grid_id_cat": 1523.0, "catering": 175.0, "life_service": 111.0, "shopping": 183.0, "poi_density": 1876.0, "road_length_m": 4391.7198903468698, "road_density_km_per_km2": 17.566879561387481, "intersection_count": 9.0, "mean_intersection_degree": 3.3333333333333335, "intersection_density_n_per_km2": 36.0, "model_fitted": 907.54581884372669, "model_residual": 968.45418115627331 }, "geometry": { "type": "Polygon", "coordinates": [ [ [ 312173.0, 3793425.0 ], [ 312173.0, 3793925.0 ], [ 312673.0, 3793925.0 ], [ 312673.0, 3793425.0 ], [ 312173.0, 3793425.0 ] ] ] } },
{ "type": "Feature", "properties": { "grid_id": 1524, "area_km2": 0.25, "distance_to_bell_m": 1097.4946869966284, "distance_to_bell_km": 1.0974946869966284, "final_grid_id": 1524.0, "poi_total": 226.0, "final_grid_id_cat": 1524.0, "catering": 61.0, "life_service": 41.0, "shopping": 124.0, "poi_density": 904.0, "road_length_m": 5234.857292998814, "road_density_km_per_km2": 20.939429171995258, "intersection_count": 18.0, "mean_intersection_degree": 3.2777777777777777, "intersection_density_n_per_km2": 72.0, "model_fitted": 1031.3020090579157, "model_residual": -127.30200905791571 }, "geometry": { "type": "Polygon", "coordinates": [ [ [ 311173.0, 3793425.0 ], [ 311173.0, 3793925.0 ], [ 311673.0, 3793925.0 ], [ 311673.0, 3793425.0 ], [ 311173.0, 3793425.0 ] ] ] } },
{ "type": "Feature", "properties": { "grid_id": 1525, "area_km2": 0.25, "distance_to_bell_m": 1632.9490470915991, "distance_to_bell_km": 1.632949047091599, "final_grid_id": 1525.0, "poi_total": 84.0, "final_grid_id_cat": 1525.0, "catering": 29.0, "life_service": 26.0, "shopping": 29.0, "poi_density": 336.0, "road_length_m": 4501.1676516659682, "road_density_km_per_km2": 18.004670606663872, "intersection_count": 10.0, "mean_intersection_degree": 3.2, "intersection_density_n_per_km2": 40.0, "model_fitted": 943.42936470235531, "model_residual": -607.42936470235531 }, "geometry": { "type": "Polygon", "coordinates": [ [ [ 308673.0, 3792925.0 ], [ 308673.0, 3793425.0 ], [ 309173.0, 3793425.0 ], [ 309173.0, 3792925.0 ], [ 308673.0, 3792925.0 ] ] ] } },
{ "type": "Feature", "properties": { "grid_id": 1526, "area_km2": 0.25, "distance_to_bell_m": 1136.5115089239489, "distance_to_bell_km": 1.1365115089239488, "final_grid_id": 1526.0, "poi_total": 359.0, "final_grid_id_cat": 1526.0, "catering": 198.0, "life_service": 47.0, "shopping": 114.0, "poi_density": 1436.0, "road_length_m": 5149.2276309305507, "road_density_km_per_km2": 20.596910523722205, "intersection_count": 10.0, "mean_intersection_degree": 3.8, "intersection_density_n_per_km2": 40.0, "model_fitted": 1089.0769605831581, "model_residual": 346.9230394168419 }, "geometry": { "type": "Polygon", "coordinates": [ [ [ 309173.0, 3792925.0 ], [ 309173.0, 3793425.0 ], [ 309673.0, 3793425.0 ], [ 309673.0, 3792925.0 ], [ 309173.0, 3792925.0 ] ] ] } },
{ "type": "Feature", "properties": { "grid_id": 1527, "area_km2": 0.25, "distance_to_bell_m": 1754.6553765311519, "distance_to_bell_km": 1.7546553765311519, "final_grid_id": 1527.0, "poi_total": 67.0, "final_grid_id_cat": 1527.0, "catering": 26.0, "life_service": 19.0, "shopping": 22.0, "poi_density": 268.0, "road_length_m": 2836.8817281434804, "road_density_km_per_km2": 11.347526912573921, "intersection_count": 5.0, "mean_intersection_degree": 3.0, "intersection_density_n_per_km2": 20.0, "model_fitted": 901.2906635590507, "model_residual": -633.2906635590507 }, "geometry": { "type": "Polygon", "coordinates": [ [ [ 308673.0, 3793425.0 ], [ 308673.0, 3793925.0 ], [ 309173.0, 3793925.0 ], [ 309173.0, 3793425.0 ], [ 308673.0, 3793425.0 ] ] ] } },
{ "type": "Feature", "properties": { "grid_id": 1528, "area_km2": 0.25, "distance_to_bell_m": 1305.3548597637764, "distance_to_bell_km": 1.3053548597637763, "final_grid_id": 1528.0, "poi_total": 208.0, "final_grid_id_cat": 1528.0, "catering": 108.0, "life_service": 35.0, "shopping": 65.0, "poi_density": 832.0, "road_length_m": 5238.8765027258305, "road_density_km_per_km2": 20.955506010903321, "intersection_count": 10.0, "mean_intersection_degree": 3.1, "intersection_density_n_per_km2": 40.0, "model_fitted": 979.2478058940269, "model_residual": -147.2478058940269 }, "geometry": { "type": "Polygon", "coordinates": [ [ [ 309173.0, 3793425.0 ], [ 309173.0, 3793925.0 ], [ 309673.0, 3793925.0 ], [ 309673.0, 3793425.0 ], [ 309173.0, 3793425.0 ] ] ] } },
{ "type": "Feature", "properties": { "grid_id": 1529, "area_km2": 0.25, "distance_to_bell_m": 910.54221726844594, "distance_to_bell_km": 0.91054221726844597, "final_grid_id": 1529.0, "poi_total": 283.0, "final_grid_id_cat": 1529.0, "catering": 91.0, "life_service": 25.0, "shopping": 167.0, "poi_density": 1132.0, "road_length_m": 5203.6508389472901, "road_density_km_per_km2": 20.81460335578916, "intersection_count": 7.0, "mean_intersection_degree": 3.1428571428571428, "intersection_density_n_per_km2": 28.0, "model_fitted": 1042.2781270900828, "model_residual": 89.721872909917238 }, "geometry": { "type": "Polygon", "coordinates": [ [ [ 309673.0, 3793425.0 ], [ 309673.0, 3793925.0 ], [ 310173.0, 3793925.0 ], [ 310173.0, 3793425.0 ], [ 309673.0, 3793425.0 ] ] ] } },
{ "type": "Feature", "properties": { "grid_id": 1530, "area_km2": 0.25, "distance_to_bell_m": 673.96064347064623, "distance_to_bell_km": 0.67396064347064621, "final_grid_id": 1530.0, "poi_total": 301.0, "final_grid_id_cat": 1530.0, "catering": 183.0, "life_service": 34.0, "shopping": 84.0, "poi_density": 1204.0, "road_length_m": 6951.23021072129, "road_density_km_per_km2": 27.80492084288516, "intersection_count": 31.0, "mean_intersection_degree": 3.6451612903225805, "intersection_density_n_per_km2": 124.0, "model_fitted": 1137.9927035313531, "model_residual": 66.007296468646928 }, "geometry": { "type": "Polygon", "coordinates": [ [ [ 310173.0, 3793425.0 ], [ 310173.0, 3793925.0 ], [ 310673.0, 3793925.0 ], [ 310673.0, 3793425.0 ], [ 310173.0, 3793425.0 ] ] ] } },
{ "type": "Feature", "properties": { "grid_id": 1531, "area_km2": 0.25, "distance_to_bell_m": 1319.6135909501897, "distance_to_bell_km": 1.3196135909501898, "final_grid_id": 1531.0, "poi_total": 251.0, "final_grid_id_cat": 1531.0, "catering": 79.0, "life_service": 51.0, "shopping": 121.0, "poi_density": 1004.0, "road_length_m": 3715.3853800185766, "road_density_km_per_km2": 14.861541520074306, "intersection_count": 5.0, "mean_intersection_degree": 3.6, "intersection_density_n_per_km2": 20.0, "model_fitted": 1037.9469025162102, "model_residual": -33.94690251621023 }, "geometry": { "type": "Polygon", "coordinates": [ [ [ 309673.0, 3793925.0 ], [ 309673.0, 3794425.0 ], [ 310173.0, 3794425.0 ], [ 310173.0, 3793925.0 ], [ 309673.0, 3793925.0 ] ] ] } },
{ "type": "Feature", "properties": { "grid_id": 1532, "area_km2": 0.25, "distance_to_bell_m": 1617.4808221123442, "distance_to_bell_km": 1.6174808221123442, "final_grid_id": 1532.0, "poi_total": 170.0, "final_grid_id_cat": 1532.0, "catering": 56.0, "life_service": 48.0, "shopping": 66.0, "poi_density": 680.0, "road_length_m": 5806.4520293679125, "road_density_km_per_km2": 23.225808117471651, "intersection_count": 22.0, "mean_intersection_degree": 3.4545454545454546, "intersection_density_n_per_km2": 88.0, "model_fitted": 976.64092296533852, "model_residual": -296.64092296533852 }, "geometry": { "type": "Polygon", "coordinates": [ [ [ 309173.0, 3793925.0 ], [ 309173.0, 3794425.0 ], [ 309673.0, 3794425.0 ], [ 309673.0, 3793925.0 ], [ 309173.0, 3793925.0 ] ] ] } },
{ "type": "Feature", "properties": { "grid_id": 1533, "area_km2": 0.25, "distance_to_bell_m": 1168.9806880097226, "distance_to_bell_km": 1.1689806880097227, "final_grid_id": 1533.0, "poi_total": 300.0, "final_grid_id_cat": 1533.0, "catering": 103.0, "life_service": 79.0, "shopping": 118.0, "poi_density": 1200.0, "road_length_m": 4436.5449390127833, "road_density_km_per_km2": 17.746179756051134, "intersection_count": 16.0, "mean_intersection_degree": 3.6875, "intersection_density_n_per_km2": 64.0, "model_fitted": 1070.6447392112163, "model_residual": 129.35526078878365 }, "geometry": { "type": "Polygon", "coordinates": [ [ [ 310173.0, 3793925.0 ], [ 310173.0, 3794425.0 ], [ 310673.0, 3794425.0 ], [ 310673.0, 3793925.0 ], [ 310173.0, 3793925.0 ] ] ] } },
{ "type": "Feature", "properties": { "grid_id": 1534, "area_km2": 0.25, "distance_to_bell_m": 1997.7758608968113, "distance_to_bell_km": 1.9977758608968113, "final_grid_id": 1534.0, "poi_total": 51.0, "final_grid_id_cat": 1534.0, "catering": 18.0, "life_service": 10.0, "shopping": 23.0, "poi_density": 204.0, "road_length_m": 5412.0746508150723, "road_density_km_per_km2": 21.64829860326029, "intersection_count": 13.0, "mean_intersection_degree": 3.3076923076923075, "intersection_density_n_per_km2": 52.0, "model_fitted": 903.09342517798495, "model_residual": -699.09342517798495 }, "geometry": { "type": "Polygon", "coordinates": [ [ [ 308673.0, 3793925.0 ], [ 308673.0, 3794425.0 ], [ 309173.0, 3794425.0 ], [ 309173.0, 3793925.0 ], [ 308673.0, 3793925.0 ] ] ] } },
{ "type": "Feature", "properties": { "grid_id": 1535, "area_km2": 0.25, "distance_to_bell_m": 3129.0757631990427, "distance_to_bell_km": 3.1290757631990429, "final_grid_id": 1535.0, "poi_total": 100.0, "final_grid_id_cat": 1535.0, "catering": 23.0, "life_service": 44.0, "shopping": 33.0, "poi_density": 400.0, "road_length_m": 1461.1831287629875, "road_density_km_per_km2": 5.84473251505195, "intersection_count": 0.0, "mean_intersection_degree": 0.0, "intersection_density_n_per_km2": 0.0, "model_fitted": 335.28428488465215, "model_residual": 64.715715115347848 }, "geometry": { "type": "Polygon", "coordinates": [ [ [ 307173.0, 3792925.0 ], [ 307173.0, 3793425.0 ], [ 307673.0, 3793425.0 ], [ 307673.0, 3792925.0 ], [ 307173.0, 3792925.0 ] ] ] } },
{ "type": "Feature", "properties": { "grid_id": 1536, "area_km2": 0.25, "distance_to_bell_m": 2629.8766038274307, "distance_to_bell_km": 2.6298766038274306, "final_grid_id": 1536.0, "poi_total": 154.0, "final_grid_id_cat": 1536.0, "catering": 47.0, "life_service": 54.0, "shopping": 53.0, "poi_density": 616.0, "road_length_m": 3574.3536846566876, "road_density_km_per_km2": 14.297414738626751, "intersection_count": 6.0, "mean_intersection_degree": 3.0, "intersection_density_n_per_km2": 24.0, "model_fitted": 773.11524245547116, "model_residual": -157.11524245547116 }, "geometry": { "type": "Polygon", "coordinates": [ [ [ 307673.0, 3792925.0 ], [ 307673.0, 3793425.0 ], [ 308173.0, 3793425.0 ], [ 308173.0, 3792925.0 ], [ 307673.0, 3792925.0 ] ] ] } },
{ "type": "Feature", "properties": { "grid_id": 1537, "area_km2": 0.25, "distance_to_bell_m": 3194.2773880538284, "distance_to_bell_km": 3.1942773880538282, "final_grid_id": 1537.0, "poi_total": 182.0, "final_grid_id_cat": 1537.0, "catering": 58.0, "life_service": 52.0, "shopping": 72.0, "poi_density": 728.0, "road_length_m": 2834.1127437921932, "road_density_km_per_km2": 11.336450975168773, "intersection_count": 3.0, "mean_intersection_degree": 3.0, "intersection_density_n_per_km2": 12.0, "model_fitted": 690.45921683222628, "model_residual": 37.540783167773725 }, "geometry": { "type": "Polygon", "coordinates": [ [ [ 307173.0, 3793425.0 ], [ 307173.0, 3793925.0 ], [ 307673.0, 3793925.0 ], [ 307673.0, 3793425.0 ], [ 307173.0, 3793425.0 ] ] ] } },
{ "type": "Feature", "properties": { "grid_id": 1538, "area_km2": 0.25, "distance_to_bell_m": 2707.1283403915704, "distance_to_bell_km": 2.7071283403915705, "final_grid_id": 1538.0, "poi_total": 72.0, "final_grid_id_cat": 1538.0, "catering": 17.0, "life_service": 21.0, "shopping": 34.0, "poi_density": 288.0, "road_length_m": 3487.4000527150611, "road_density_km_per_km2": 13.949600210860245, "intersection_count": 3.0, "mean_intersection_degree": 3.3333333333333335, "intersection_density_n_per_km2": 12.0, "model_fitted": 802.32664049396362, "model_residual": -514.32664049396362 }, "geometry": { "type": "Polygon", "coordinates": [ [ [ 307673.0, 3793425.0 ], [ 307673.0, 3793925.0 ], [ 308173.0, 3793925.0 ], [ 308173.0, 3793425.0 ], [ 307673.0, 3793425.0 ] ] ] } },
{ "type": "Feature", "properties": { "grid_id": 1539, "area_km2": 0.25, "distance_to_bell_m": 2225.6863370363872, "distance_to_bell_km": 2.2256863370363873, "final_grid_id": 1539.0, "poi_total": 217.0, "final_grid_id_cat": 1539.0, "catering": 71.0, "life_service": 82.0, "shopping": 64.0, "poi_density": 868.0, "road_length_m": 3996.5108780161286, "road_density_km_per_km2": 15.986043512064514, "intersection_count": 10.0, "mean_intersection_degree": 3.2, "intersection_density_n_per_km2": 40.0, "model_fitted": 856.62348137481467, "model_residual": 11.376518625185327 }, "geometry": { "type": "Polygon", "coordinates": [ [ [ 308173.0, 3793425.0 ], [ 308173.0, 3793925.0 ], [ 308673.0, 3793925.0 ], [ 308673.0, 3793425.0 ], [ 308173.0, 3793425.0 ] ] ] } },
{ "type": "Feature", "properties": { "grid_id": 1540, "area_km2": 0.25, "distance_to_bell_m": 2421.9769963529311, "distance_to_bell_km": 2.4219769963529312, "final_grid_id": 1540.0, "poi_total": 316.0, "final_grid_id_cat": 1540.0, "catering": 78.0, "life_service": 83.0, "shopping": 155.0, "poi_density": 1264.0, "road_length_m": 4421.4620604999864, "road_density_km_per_km2": 17.685848241999945, "intersection_count": 23.0, "mean_intersection_degree": 3.0, "intersection_density_n_per_km2": 92.0, "model_fitted": 803.56196712830888, "model_residual": 460.43803287169112 }, "geometry": { "type": "Polygon", "coordinates": [ [ [ 308173.0, 3793925.0 ], [ 308173.0, 3794425.0 ], [ 308673.0, 3794425.0 ], [ 308673.0, 3793925.0 ], [ 308173.0, 3793925.0 ] ] ] } },
{ "type": "Feature", "properties": { "grid_id": 1541, "area_km2": 0.25, "distance_to_bell_m": 3334.0217353557109, "distance_to_bell_km": 3.3340217353557109, "final_grid_id": 1541.0, "poi_total": 28.0, "final_grid_id_cat": 1541.0, "catering": 13.0, "life_service": 4.0, "shopping": 11.0, "poi_density": 112.0, "road_length_m": 2335.54784001392, "road_density_km_per_km2": 9.3421913600556792, "intersection_count": 8.0, "mean_intersection_degree": 3.0, "intersection_density_n_per_km2": 32.0, "model_fitted": 669.99377334932933, "model_residual": -557.99377334932933 }, "geometry": { "type": "Polygon", "coordinates": [ [ [ 307173.0, 3793925.0 ], [ 307173.0, 3794425.0 ], [ 307673.0, 3794425.0 ], [ 307673.0, 3793925.0 ], [ 307173.0, 3793925.0 ] ] ] } },
{ "type": "Feature", "properties": { "grid_id": 1542, "area_km2": 0.25, "distance_to_bell_m": 2870.6857632530132, "distance_to_bell_km": 2.8706857632530132, "final_grid_id": 1542.0, "poi_total": 115.0, "final_grid_id_cat": 1542.0, "catering": 13.0, "life_service": 44.0, "shopping": 58.0, "poi_density": 460.0, "road_length_m": 2026.9944359572357, "road_density_km_per_km2": 8.1079777438289433, "intersection_count": 6.0, "mean_intersection_degree": 3.0, "intersection_density_n_per_km2": 24.0, "model_fitted": 737.84894125946005, "model_residual": -277.84894125946005 }, "geometry": { "type": "Polygon", "coordinates": [ [ [ 307673.0, 3793925.0 ], [ 307673.0, 3794425.0 ], [ 308173.0, 3794425.0 ], [ 308173.0, 3793925.0 ], [ 307673.0, 3793925.0 ] ] ] } },
{ "type": "Feature", "properties": { "grid_id": 1543, "area_km2": 0.25, "distance_to_bell_m": 3106.9486077719166, "distance_to_bell_km": 3.1069486077719164, "final_grid_id": 1543.0, "poi_total": 43.0, "final_grid_id_cat": 1543.0, "catering": 6.0, "life_service": 24.0, "shopping": 13.0, "poi_density": 172.0, "road_length_m": 1959.8422995030057, "road_density_km_per_km2": 7.8393691980120233, "intersection_count": 2.0, "mean_intersection_degree": 3.0, "intersection_density_n_per_km2": 8.0, "model_fitted": 703.24844410185563, "model_residual": -531.24844410185563 }, "geometry": { "type": "Polygon", "coordinates": [ [ [ 307673.0, 3794425.0 ], [ 307673.0, 3794925.0 ], [ 308173.0, 3794925.0 ], [ 308173.0, 3794425.0 ], [ 307673.0, 3794425.0 ] ] ] } },
{ "type": "Feature", "properties": { "grid_id": 1544, "area_km2": 0.25, "distance_to_bell_m": 3539.4906175630163, "distance_to_bell_km": 3.5394906175630161, "final_grid_id": 1544.0, "poi_total": 29.0, "final_grid_id_cat": 1544.0, "catering": 9.0, "life_service": 8.0, "shopping": 12.0, "poi_density": 116.0, "road_length_m": 2110.8828595329323, "road_density_km_per_km2": 8.4435314381317301, "intersection_count": 1.0, "mean_intersection_degree": 3.0, "intersection_density_n_per_km2": 4.0, "model_fitted": 639.90302637103662, "model_residual": -523.90302637103662 }, "geometry": { "type": "Polygon", "coordinates": [ [ [ 307173.0, 3794425.0 ], [ 307173.0, 3794925.0 ], [ 307673.0, 3794925.0 ], [ 307673.0, 3794425.0 ], [ 307173.0, 3794425.0 ] ] ] } },
{ "type": "Feature", "properties": { "grid_id": 1545, "area_km2": 0.25, "distance_to_bell_m": 761.15620503717707, "distance_to_bell_km": 0.76115620503717707, "final_grid_id": 1545.0, "poi_total": 209.0, "final_grid_id_cat": 1545.0, "catering": 103.0, "life_service": 47.0, "shopping": 59.0, "poi_density": 836.0, "road_length_m": 7120.8355618064725, "road_density_km_per_km2": 28.483342247225888, "intersection_count": 29.0, "mean_intersection_degree": 3.2758620689655173, "intersection_density_n_per_km2": 116.0, "model_fitted": 1080.3255986782362, "model_residual": -244.32559867823625 }, "geometry": { "type": "Polygon", "coordinates": [ [ [ 310673.0, 3793425.0 ], [ 310673.0, 3793925.0 ], [ 311173.0, 3793925.0 ], [ 311173.0, 3793425.0 ], [ 310673.0, 3793425.0 ] ] ] } },
{ "type": "Feature", "properties": { "grid_id": 1546, "area_km2": 0.25, "distance_to_bell_m": 1526.3126833991314, "distance_to_bell_km": 1.5263126833991314, "final_grid_id": 1546.0, "poi_total": 23.0, "final_grid_id_cat": 1546.0, "catering": 8.0, "life_service": 6.0, "shopping": 9.0, "poi_density": 92.0, "road_length_m": 5323.9948708656211, "road_density_km_per_km2": 21.295979483462485, "intersection_count": 22.0, "mean_intersection_degree": 3.6818181818181817, "intersection_density_n_per_km2": 88.0, "model_fitted": 1017.6230010626311, "model_residual": -925.62300106263115 }, "geometry": { "type": "Polygon", "coordinates": [ [ [ 311673.0, 3793425.0 ], [ 311673.0, 3793925.0 ], [ 312173.0, 3793925.0 ], [ 312173.0, 3793425.0 ], [ 311673.0, 3793425.0 ] ] ] } },
{ "type": "Feature", "properties": { "grid_id": 1547, "area_km2": 0.25, "distance_to_bell_m": 1221.3319239497976, "distance_to_bell_km": 1.2213319239497975, "final_grid_id": 1547.0, "poi_total": 276.0, "final_grid_id_cat": 1547.0, "catering": 98.0, "life_service": 45.0, "shopping": 133.0, "poi_density": 1104.0, "road_length_m": 5038.1320094629, "road_density_km_per_km2": 20.152528037851599, "intersection_count": 10.0, "mean_intersection_degree": 3.2, "intersection_density_n_per_km2": 40.0, "model_fitted": 1003.7103501797385, "model_residual": 100.2896498202615 }, "geometry": { "type": "Polygon", "coordinates": [ [ [ 310673.0, 3793925.0 ], [ 310673.0, 3794425.0 ], [ 311173.0, 3794425.0 ], [ 311173.0, 3793925.0 ], [ 310673.0, 3793925.0 ] ] ] } },
{ "type": "Feature", "properties": { "grid_id": 1548, "area_km2": 0.25, "distance_to_bell_m": 2206.1412300704151, "distance_to_bell_km": 2.2061412300704153, "final_grid_id": 1548.0, "poi_total": 366.0, "final_grid_id_cat": 1548.0, "catering": 93.0, "life_service": 87.0, "shopping": 186.0, "poi_density": 1464.0, "road_length_m": 6415.531682410935, "road_density_km_per_km2": 25.662126729643742, "intersection_count": 15.0, "mean_intersection_degree": 3.6666666666666665, "intersection_density_n_per_km2": 60.0, "model_fitted": 916.2206369275259, "model_residual": 547.7793630724741 }, "geometry": { "type": "Polygon", "coordinates": [ [ [ 312173.0, 3793925.0 ], [ 312173.0, 3794425.0 ], [ 312673.0, 3794425.0 ], [ 312673.0, 3793925.0 ], [ 312173.0, 3793925.0 ] ] ] } },
{ "type": "Feature", "properties": { "grid_id": 1549, "area_km2": 0.25, "distance_to_bell_m": 1454.9183784591301, "distance_to_bell_km": 1.45491837845913, "final_grid_id": 1549.0, "poi_total": 197.0, "final_grid_id_cat": 1549.0, "catering": 72.0, "life_service": 27.0, "shopping": 98.0, "poi_density": 788.0, "road_length_m": 4386.6535889788347, "road_density_km_per_km2": 17.546614355915338, "intersection_count": 13.0, "mean_intersection_degree": 3.6153846153846154, "intersection_density_n_per_km2": 52.0, "model_fitted": 1020.0020065956088, "model_residual": -232.0020065956088 }, "geometry": { "type": "Polygon", "coordinates": [ [ [ 311173.0, 3793925.0 ], [ 311173.0, 3794425.0 ], [ 311673.0, 3794425.0 ], [ 311673.0, 3793925.0 ], [ 311173.0, 3793925.0 ] ] ] } },
{ "type": "Feature", "properties": { "grid_id": 1550, "area_km2": 0.25, "distance_to_bell_m": 1800.5341728213252, "distance_to_bell_km": 1.8005341728213253, "final_grid_id": 1550.0, "poi_total": 184.0, "final_grid_id_cat": 1550.0, "catering": 47.0, "life_service": 40.0, "shopping": 97.0, "poi_density": 736.0, "road_length_m": 5553.8565075053721, "road_density_km_per_km2": 22.215426030021487, "intersection_count": 28.0, "mean_intersection_degree": 3.5, "intersection_density_n_per_km2": 112.0, "model_fitted": 955.35902793480841, "model_residual": -219.35902793480841 }, "geometry": { "type": "Polygon", "coordinates": [ [ [ 311673.0, 3793925.0 ], [ 311673.0, 3794425.0 ], [ 312173.0, 3794425.0 ], [ 312173.0, 3793925.0 ], [ 311673.0, 3793925.0 ] ] ] } },
{ "type": "Feature", "properties": { "grid_id": 1551, "area_km2": 0.25, "distance_to_bell_m": 1704.096408203254, "distance_to_bell_km": 1.7040964082032539, "final_grid_id": 1551.0, "poi_total": 50.0, "final_grid_id_cat": 1551.0, "catering": 11.0, "life_service": 14.0, "shopping": 25.0, "poi_density": 200.0, "road_length_m": 1777.8840472369002, "road_density_km_per_km2": 7.1115361889476008, "intersection_count": 0.0, "mean_intersection_degree": 0.0, "intersection_density_n_per_km2": 0.0, "model_fitted": 543.97132673660087, "model_residual": -343.97132673660087 }, "geometry": { "type": "Polygon", "coordinates": [ [ [ 310673.0, 3794425.0 ], [ 310673.0, 3794925.0 ], [ 311173.0, 3794925.0 ], [ 311173.0, 3794425.0 ], [ 310673.0, 3794425.0 ] ] ] } },
{ "type": "Feature", "properties": { "grid_id": 1552, "area_km2": 0.25, "distance_to_bell_m": 2505.8635292068325, "distance_to_bell_km": 2.5058635292068323, "final_grid_id": 1552.0, "poi_total": 163.0, "final_grid_id_cat": 1552.0, "catering": 84.0, "life_service": 23.0, "shopping": 56.0, "poi_density": 652.0, "road_length_m": 7017.8574803037063, "road_density_km_per_km2": 28.071429921214825, "intersection_count": 17.0, "mean_intersection_degree": 3.4117647058823528, "intersection_density_n_per_km2": 68.0, "model_fitted": 841.33696373871567, "model_residual": -189.33696373871567 }, "geometry": { "type": "Polygon", "coordinates": [ [ [ 312173.0, 3794425.0 ], [ 312173.0, 3794925.0 ], [ 312673.0, 3794925.0 ], [ 312673.0, 3794425.0 ], [ 312173.0, 3794425.0 ] ] ] } },
{ "type": "Feature", "properties": { "grid_id": 1553, "area_km2": 0.25, "distance_to_bell_m": 1878.5846768166882, "distance_to_bell_km": 1.8785846768166883, "final_grid_id": 1553.0, "poi_total": 37.0, "final_grid_id_cat": 1553.0, "catering": 11.0, "life_service": 7.0, "shopping": 19.0, "poi_density": 148.0, "road_length_m": 5512.6086117782297, "road_density_km_per_km2": 22.05043444711292, "intersection_count": 17.0, "mean_intersection_degree": 3.3529411764705883, "intersection_density_n_per_km2": 68.0, "model_fitted": 926.04998594008202, "model_residual": -778.04998594008202 }, "geometry": { "type": "Polygon", "coordinates": [ [ [ 311173.0, 3794425.0 ], [ 311173.0, 3794925.0 ], [ 311673.0, 3794925.0 ], [ 311673.0, 3794425.0 ], [ 311173.0, 3794425.0 ] ] ] } },
{ "type": "Feature", "properties": { "grid_id": 1554, "area_km2": 0.25, "distance_to_bell_m": 2157.3632534855346, "distance_to_bell_km": 2.1573632534855345, "final_grid_id": 1554.0, "poi_total": 88.0, "final_grid_id_cat": 1554.0, "catering": 23.0, "life_service": 28.0, "shopping": 37.0, "poi_density": 352.0, "road_length_m": 5566.1150418075295, "road_density_km_per_km2": 22.264460167230119, "intersection_count": 24.0, "mean_intersection_degree": 3.5833333333333335, "intersection_density_n_per_km2": 96.0, "model_fitted": 913.23291838740829, "model_residual": -561.23291838740829 }, "geometry": { "type": "Polygon", "coordinates": [ [ [ 311673.0, 3794425.0 ], [ 311673.0, 3794925.0 ], [ 312173.0, 3794925.0 ], [ 312173.0, 3794425.0 ], [ 311673.0, 3794425.0 ] ] ] } },
{ "type": "Feature", "properties": { "grid_id": 1555, "area_km2": 0.25, "distance_to_bell_m": 2324.5217336850847, "distance_to_bell_km": 2.3245217336850845, "final_grid_id": 1555.0, "poi_total": 51.0, "final_grid_id_cat": 1555.0, "catering": 15.0, "life_service": 16.0, "shopping": 20.0, "poi_density": 204.0, "road_length_m": 2828.7773755773715, "road_density_km_per_km2": 11.315109502309486, "intersection_count": 2.0, "mean_intersection_degree": 4.0, "intersection_density_n_per_km2": 8.0, "model_fitted": 939.40876122475197, "model_residual": -735.40876122475197 }, "geometry": { "type": "Polygon", "coordinates": [ [ [ 308673.0, 3794425.0 ], [ 308673.0, 3794925.0 ], [ 309173.0, 3794925.0 ], [ 309173.0, 3794425.0 ], [ 308673.0, 3794425.0 ] ] ] } },
{ "type": "Feature", "properties": { "grid_id": 1556, "area_km2": 0.25, "distance_to_bell_m": 1666.9759293199172, "distance_to_bell_km": 1.6669759293199171, "final_grid_id": 1556.0, "poi_total": 10.0, "final_grid_id_cat": 1556.0, "catering": 0.0, "life_service": 2.0, "shopping": 8.0, "poi_density": 40.0, "road_length_m": 5400.2168794166137, "road_density_km_per_km2": 21.600867517666455, "intersection_count": 19.0, "mean_intersection_degree": 3.3684210526315788, "intersection_density_n_per_km2": 76.0, "model_fitted": 958.92187009325221, "model_residual": -918.92187009325221 }, "geometry": { "type": "Polygon", "coordinates": [ [ [ 310173.0, 3794425.0 ], [ 310173.0, 3794925.0 ], [ 310673.0, 3794925.0 ], [ 310673.0, 3794425.0 ], [ 310173.0, 3794425.0 ] ] ] } },
{ "type": "Feature", "properties": { "grid_id": 1557, "area_km2": 0.25, "distance_to_bell_m": 2007.1215981832147, "distance_to_bell_km": 2.0071215981832147, "final_grid_id": 1557.0, "poi_total": 63.0, "final_grid_id_cat": 1557.0, "catering": 15.0, "life_service": 26.0, "shopping": 22.0, "poi_density": 252.0, "road_length_m": 5073.6310223625014, "road_density_km_per_km2": 20.294524089450007, "intersection_count": 14.0, "mean_intersection_degree": 3.2142857142857144, "intersection_density_n_per_km2": 56.0, "model_fitted": 890.368884984234, "model_residual": -638.368884984234 }, "geometry": { "type": "Polygon", "coordinates": [ [ [ 309173.0, 3794425.0 ], [ 309173.0, 3794925.0 ], [ 309673.0, 3794925.0 ], [ 309673.0, 3794425.0 ], [ 309173.0, 3794425.0 ] ] ] } },
{ "type": "Feature", "properties": { "grid_id": 1558, "area_km2": 0.25, "distance_to_bell_m": 1775.8583641193832, "distance_to_bell_km": 1.7758583641193832, "final_grid_id": 1558.0, "poi_total": 61.0, "final_grid_id_cat": 1558.0, "catering": 14.0, "life_service": 19.0, "shopping": 28.0, "poi_density": 244.0, "road_length_m": 3954.6727370394178, "road_density_km_per_km2": 15.818690948157672, "intersection_count": 6.0, "mean_intersection_degree": 3.0, "intersection_density_n_per_km2": 24.0, "model_fitted": 898.18550365431327, "model_residual": -654.18550365431327 }, "geometry": { "type": "Polygon", "coordinates": [ [ [ 309673.0, 3794425.0 ], [ 309673.0, 3794925.0 ], [ 310173.0, 3794925.0 ], [ 310173.0, 3794425.0 ], [ 309673.0, 3794425.0 ] ] ] } },
{ "type": "Feature", "properties": { "grid_id": 1559, "area_km2": 0.25, "distance_to_bell_m": 2250.7700525387058, "distance_to_bell_km": 2.250770052538706, "final_grid_id": 1559.0, "poi_total": 266.0, "final_grid_id_cat": 1559.0, "catering": 54.0, "life_service": 48.0, "shopping": 164.0, "poi_density": 1064.0, "road_length_m": 3556.6610670769651, "road_density_km_per_km2": 14.22664426830786, "intersection_count": 9.0, "mean_intersection_degree": 3.2222222222222223, "intersection_density_n_per_km2": 36.0, "model_fitted": 855.65164880228031, "model_residual": 208.34835119771969 }, "geometry": { "type": "Polygon", "coordinates": [ [ [ 309673.0, 3794925.0 ], [ 309673.0, 3795425.0 ], [ 310173.0, 3795425.0 ], [ 310173.0, 3794925.0 ], [ 309673.0, 3794925.0 ] ] ] } },
{ "type": "Feature", "properties": { "grid_id": 1560, "area_km2": 0.25, "distance_to_bell_m": 2704.7539981237906, "distance_to_bell_km": 2.7047539981237905, "final_grid_id": 1560.0, "poi_total": 122.0, "final_grid_id_cat": 1560.0, "catering": 45.0, "life_service": 26.0, "shopping": 51.0, "poi_density": 488.0, "road_length_m": 3761.7055663012193, "road_density_km_per_km2": 15.046822265204877, "intersection_count": 14.0, "mean_intersection_degree": 3.1428571428571428, "intersection_density_n_per_km2": 56.0, "model_fitted": 779.51730344030773, "model_residual": -291.51730344030773 }, "geometry": { "type": "Polygon", "coordinates": [ [ [ 308673.0, 3794925.0 ], [ 308673.0, 3795425.0 ], [ 309173.0, 3795425.0 ], [ 309173.0, 3794925.0 ], [ 308673.0, 3794925.0 ] ] ] } },
{ "type": "Feature", "properties": { "grid_id": 1561, "area_km2": 0.25, "distance_to_bell_m": 2165.8951149407762, "distance_to_bell_km": 2.1658951149407764, "final_grid_id": 1561.0, "poi_total": 158.0, "final_grid_id_cat": 1561.0, "catering": 60.0, "life_service": 35.0, "shopping": 63.0, "poi_density": 632.0, "road_length_m": 5799.1315874383699, "road_density_km_per_km2": 23.19652634975348, "intersection_count": 15.0, "mean_intersection_degree": 3.6, "intersection_density_n_per_km2": 60.0, "model_fitted": 914.00967690210541, "model_residual": -282.00967690210541 }, "geometry": { "type": "Polygon", "coordinates": [ [ [ 310173.0, 3794925.0 ], [ 310173.0, 3795425.0 ], [ 310673.0, 3795425.0 ], [ 310673.0, 3794925.0 ], [ 310173.0, 3794925.0 ] ] ] } },
{ "type": "Feature", "properties": { "grid_id": 1562, "area_km2": 0.25, "distance_to_bell_m": 2437.3817940334784, "distance_to_bell_km": 2.4373817940334783, "final_grid_id": 1562.0, "poi_total": 145.0, "final_grid_id_cat": 1562.0, "catering": 54.0, "life_service": 38.0, "shopping": 53.0, "poi_density": 580.0, "road_length_m": 4462.1383846752678, "road_density_km_per_km2": 17.848553538701072, "intersection_count": 11.0, "mean_intersection_degree": 3.4545454545454546, "intersection_density_n_per_km2": 44.0, "model_fitted": 856.56710726976667, "model_residual": -276.56710726976667 }, "geometry": { "type": "Polygon", "coordinates": [ [ [ 309173.0, 3794925.0 ], [ 309173.0, 3795425.0 ], [ 309673.0, 3795425.0 ], [ 309673.0, 3794925.0 ], [ 309173.0, 3794925.0 ] ] ] } },
{ "type": "Feature", "properties": { "grid_id": 1563, "area_km2": 0.25, "distance_to_bell_m": 2734.6405119132946, "distance_to_bell_km": 2.7346405119132946, "final_grid_id": 1563.0, "poi_total": 105.0, "final_grid_id_cat": 1563.0, "catering": 44.0, "life_service": 26.0, "shopping": 35.0, "poi_density": 420.0, "road_length_m": 2018.0710762367016, "road_density_km_per_km2": 8.0722843049468072, "intersection_count": 4.0, "mean_intersection_degree": 3.5, "intersection_density_n_per_km2": 16.0, "model_fitted": 818.55993116415198, "model_residual": -398.55993116415198 }, "geometry": { "type": "Polygon", "coordinates": [ [ [ 309673.0, 3795425.0 ], [ 309673.0, 3795925.0 ], [ 310173.0, 3795925.0 ], [ 310173.0, 3795425.0 ], [ 309673.0, 3795425.0 ] ] ] } },
{ "type": "Feature", "properties": { "grid_id": 1564, "area_km2": 0.25, "distance_to_bell_m": 2665.2194185313588, "distance_to_bell_km": 2.6652194185313589, "final_grid_id": 1564.0, "poi_total": 72.0, "final_grid_id_cat": 1564.0, "catering": 20.0, "life_service": 25.0, "shopping": 27.0, "poi_density": 288.0, "road_length_m": 3689.2165196331389, "road_density_km_per_km2": 14.756866078532555, "intersection_count": 7.0, "mean_intersection_degree": 3.2857142857142856, "intersection_density_n_per_km2": 28.0, "model_fitted": 802.67490288230658, "model_residual": -514.67490288230658 }, "geometry": { "type": "Polygon", "coordinates": [ [ [ 310173.0, 3795425.0 ], [ 310173.0, 3795925.0 ], [ 310673.0, 3795925.0 ], [ 310673.0, 3795425.0 ], [ 310173.0, 3795425.0 ] ] ] } },
{ "type": "Feature", "properties": { "grid_id": 1565, "area_km2": 0.25, "distance_to_bell_m": 2697.8260638623615, "distance_to_bell_km": 2.6978260638623617, "final_grid_id": 1565.0, "poi_total": 19.0, "final_grid_id_cat": 1565.0, "catering": 2.0, "life_service": 7.0, "shopping": 10.0, "poi_density": 76.0, "road_length_m": 4249.5706942299748, "road_density_km_per_km2": 16.998282776919901, "intersection_count": 16.0, "mean_intersection_degree": 3.0, "intersection_density_n_per_km2": 64.0, "model_fitted": 763.1641005245981, "model_residual": -687.1641005245981 }, "geometry": { "type": "Polygon", "coordinates": [ [ [ 308173.0, 3794425.0 ], [ 308173.0, 3794925.0 ], [ 308673.0, 3794925.0 ], [ 308673.0, 3794425.0 ], [ 308173.0, 3794425.0 ] ] ] } },
{ "type": "Feature", "properties": { "grid_id": 1566, "area_km2": 0.25, "distance_to_bell_m": 3031.5933716195186, "distance_to_bell_km": 3.0315933716195187, "final_grid_id": 1566.0, "poi_total": 202.0, "final_grid_id_cat": 1566.0, "catering": 76.0, "life_service": 57.0, "shopping": 69.0, "poi_density": 808.0, "road_length_m": 6757.8094962631767, "road_density_km_per_km2": 27.031237985052705, "intersection_count": 27.0, "mean_intersection_degree": 3.1481481481481484, "intersection_density_n_per_km2": 108.0, "model_fitted": 732.29520051414545, "model_residual": 75.704799485854551 }, "geometry": { "type": "Polygon", "coordinates": [ [ [ 308173.0, 3794925.0 ], [ 308173.0, 3795425.0 ], [ 308673.0, 3795425.0 ], [ 308673.0, 3794925.0 ], [ 308173.0, 3794925.0 ] ] ] } },
{ "type": "Feature", "properties": { "grid_id": 1567, "area_km2": 0.25, "distance_to_bell_m": 3800.0377276823106, "distance_to_bell_km": 3.8000377276823105, "final_grid_id": 1567.0, "poi_total": 104.0, "final_grid_id_cat": 1567.0, "catering": 26.0, "life_service": 36.0, "shopping": 42.0, "poi_density": 416.0, "road_length_m": 1118.7266448255289, "road_density_km_per_km2": 4.4749065793021154, "intersection_count": 0.0, "mean_intersection_degree": 0.0, "intersection_density_n_per_km2": 0.0, "model_fitted": 237.02246300471393, "model_residual": 178.97753699528607 }, "geometry": { "type": "Polygon", "coordinates": [ [ [ 307173.0, 3794925.0 ], [ 307173.0, 3795425.0 ], [ 307673.0, 3795425.0 ], [ 307673.0, 3794925.0 ], [ 307173.0, 3794925.0 ] ] ] } },
{ "type": "Feature", "properties": { "grid_id": 1568, "area_km2": 0.25, "distance_to_bell_m": 3400.7973405259199, "distance_to_bell_km": 3.4007973405259198, "final_grid_id": 1568.0, "poi_total": 172.0, "final_grid_id_cat": 1568.0, "catering": 63.0, "life_service": 52.0, "shopping": 57.0, "poi_density": 688.0, "road_length_m": 1766.3778660301145, "road_density_km_per_km2": 7.0655114641204584, "intersection_count": 1.0, "mean_intersection_degree": 3.0, "intersection_density_n_per_km2": 4.0, "model_fitted": 660.21454148748546, "model_residual": 27.785458512514538 }, "geometry": { "type": "Polygon", "coordinates": [ [ [ 307673.0, 3794925.0 ], [ 307673.0, 3795425.0 ], [ 308173.0, 3795425.0 ], [ 308173.0, 3794925.0 ], [ 307673.0, 3794925.0 ] ] ] } },
{ "type": "Feature", "properties": { "grid_id": 1569, "area_km2": 0.25, "distance_to_bell_m": 4105.1893539520506, "distance_to_bell_km": 4.105189353952051, "final_grid_id": 1569.0, "poi_total": 47.0, "final_grid_id_cat": 1569.0, "catering": 9.0, "life_service": 15.0, "shopping": 23.0, "poi_density": 188.0, "road_length_m": 3461.9922971567953, "road_density_km_per_km2": 13.847969188627181, "intersection_count": 5.0, "mean_intersection_degree": 3.2, "intersection_density_n_per_km2": 20.0, "model_fitted": 581.37182711270634, "model_residual": -393.37182711270634 }, "geometry": { "type": "Polygon", "coordinates": [ [ [ 307173.0, 3795425.0 ], [ 307173.0, 3795925.0 ], [ 307673.0, 3795925.0 ], [ 307673.0, 3795425.0 ], [ 307173.0, 3795425.0 ] ] ] } },
{ "type": "Feature", "properties": { "grid_id": 1570, "area_km2": 0.25, "distance_to_bell_m": 3738.6783027321949, "distance_to_bell_km": 3.738678302732195, "final_grid_id": 1570.0, "poi_total": 112.0, "final_grid_id_cat": 1570.0, "catering": 41.0, "life_service": 34.0, "shopping": 37.0, "poi_density": 448.0, "road_length_m": 2827.3410750617836, "road_density_km_per_km2": 11.309364300247134, "intersection_count": 4.0, "mean_intersection_degree": 3.0, "intersection_density_n_per_km2": 16.0, "model_fitted": 610.73215547696952, "model_residual": -162.73215547696952 }, "geometry": { "type": "Polygon", "coordinates": [ [ [ 307673.0, 3795425.0 ], [ 307673.0, 3795925.0 ], [ 308173.0, 3795925.0 ], [ 308173.0, 3795425.0 ], [ 307673.0, 3795425.0 ] ] ] } },
{ "type": "Feature", "properties": { "grid_id": 1571, "area_km2": 0.25, "distance_to_bell_m": 3406.2958284388214, "distance_to_bell_km": 3.4062958284388216, "final_grid_id": 1571.0, "poi_total": 426.0, "final_grid_id_cat": 1571.0, "catering": 115.0, "life_service": 141.0, "shopping": 170.0, "poi_density": 1704.0, "road_length_m": 4420.3405137558648, "road_density_km_per_km2": 17.68136205502346, "intersection_count": 11.0, "mean_intersection_degree": 3.2727272727272729, "intersection_density_n_per_km2": 44.0, "model_fitted": 692.56598847672581, "model_residual": 1011.4340115232742 }, "geometry": { "type": "Polygon", "coordinates": [ [ [ 308173.0, 3795425.0 ], [ 308173.0, 3795925.0 ], [ 308673.0, 3795925.0 ], [ 308673.0, 3795425.0 ], [ 308173.0, 3795425.0 ] ] ] } },
{ "type": "Feature", "properties": { "grid_id": 1572, "area_km2": 0.25, "distance_to_bell_m": 4445.7701843205496, "distance_to_bell_km": 4.4457701843205495, "final_grid_id": 1572.0, "poi_total": 101.0, "final_grid_id_cat": 1572.0, "catering": 29.0, "life_service": 37.0, "shopping": 35.0, "poi_density": 404.0, "road_length_m": 3466.5043570169428, "road_density_km_per_km2": 13.866017428067771, "intersection_count": 5.0, "mean_intersection_degree": 3.8, "intersection_density_n_per_km2": 20.0, "model_fitted": 604.43877879458341, "model_residual": -200.43877879458341 }, "geometry": { "type": "Polygon", "coordinates": [ [ [ 307173.0, 3795925.0 ], [ 307173.0, 3796425.0 ], [ 307673.0, 3796425.0 ], [ 307673.0, 3795925.0 ], [ 307173.0, 3795925.0 ] ] ] } },
{ "type": "Feature", "properties": { "grid_id": 1573, "area_km2": 0.25, "distance_to_bell_m": 3809.8745610363649, "distance_to_bell_km": 3.8098745610363647, "final_grid_id": 1573.0, "poi_total": 82.0, "final_grid_id_cat": 1573.0, "catering": 14.0, "life_service": 38.0, "shopping": 30.0, "poi_density": 328.0, "road_length_m": 4275.8001249330673, "road_density_km_per_km2": 17.103200499732271, "intersection_count": 12.0, "mean_intersection_degree": 3.4166666666666665, "intersection_density_n_per_km2": 48.0, "model_fitted": 650.96158593063785, "model_residual": -322.96158593063785 }, "geometry": { "type": "Polygon", "coordinates": [ [ [ 308173.0, 3795925.0 ], [ 308173.0, 3796425.0 ], [ 308673.0, 3796425.0 ], [ 308673.0, 3795925.0 ], [ 308173.0, 3795925.0 ] ] ] } },
{ "type": "Feature", "properties": { "grid_id": 1574, "area_km2": 0.25, "distance_to_bell_m": 4109.7455336447292, "distance_to_bell_km": 4.1097455336447295, "final_grid_id": 1574.0, "poi_total": 303.0, "final_grid_id_cat": 1574.0, "catering": 127.0, "life_service": 70.0, "shopping": 106.0, "poi_density": 1212.0, "road_length_m": 5048.9318371968311, "road_density_km_per_km2": 20.195727348787326, "intersection_count": 16.0, "mean_intersection_degree": 3.75, "intersection_density_n_per_km2": 64.0, "model_fitted": 647.57058192973568, "model_residual": 564.42941807026432 }, "geometry": { "type": "Polygon", "coordinates": [ [ [ 307673.0, 3795925.0 ], [ 307673.0, 3796425.0 ], [ 308173.0, 3796425.0 ], [ 308173.0, 3795925.0 ], [ 307673.0, 3795925.0 ] ] ] } },
{ "type": "Feature", "properties": { "grid_id": 1575, "area_km2": 0.25, "distance_to_bell_m": 2194.5927796389806, "distance_to_bell_km": 2.1945927796389806, "final_grid_id": 1575.0, "poi_total": 197.0, "final_grid_id_cat": 1575.0, "catering": 56.0, "life_service": 49.0, "shopping": 92.0, "poi_density": 788.0, "road_length_m": 5109.5724932497233, "road_density_km_per_km2": 20.438289972998891, "intersection_count": 12.0, "mean_intersection_degree": 3.1666666666666665, "intersection_density_n_per_km2": 48.0, "model_fitted": 857.12462194202624, "model_residual": -69.124621942026238 }, "geometry": { "type": "Polygon", "coordinates": [ [ [ 310673.0, 3794925.0 ], [ 310673.0, 3795425.0 ], [ 311173.0, 3795425.0 ], [ 311173.0, 3794925.0 ], [ 310673.0, 3794925.0 ] ] ] } },
{ "type": "Feature", "properties": { "grid_id": 1576, "area_km2": 0.25, "distance_to_bell_m": 2862.1049818274028, "distance_to_bell_km": 2.8621049818274029, "final_grid_id": 1576.0, "poi_total": 17.0, "final_grid_id_cat": 1576.0, "catering": 7.0, "life_service": 5.0, "shopping": 5.0, "poi_density": 68.0, "road_length_m": 3178.3963526769476, "road_density_km_per_km2": 12.71358541070779, "intersection_count": 6.0, "mean_intersection_degree": 3.0, "intersection_density_n_per_km2": 24.0, "model_fitted": 739.10558956542377, "model_residual": -671.10558956542377 }, "geometry": { "type": "Polygon", "coordinates": [ [ [ 312173.0, 3794925.0 ], [ 312173.0, 3795425.0 ], [ 312673.0, 3795425.0 ], [ 312673.0, 3794925.0 ], [ 312173.0, 3794925.0 ] ] ] } },
{ "type": "Feature", "properties": { "grid_id": 1577, "area_km2": 0.25, "distance_to_bell_m": 2332.6751355391898, "distance_to_bell_km": 2.3326751355391897, "final_grid_id": 1577.0, "poi_total": 201.0, "final_grid_id_cat": 1577.0, "catering": 72.0, "life_service": 59.0, "shopping": 70.0, "poi_density": 804.0, "road_length_m": 4143.5186825555465, "road_density_km_per_km2": 16.574074730222186, "intersection_count": 9.0, "mean_intersection_degree": 3.2222222222222223, "intersection_density_n_per_km2": 36.0, "model_fitted": 843.65671749040894, "model_residual": -39.656717490408937 }, "geometry": { "type": "Polygon", "coordinates": [ [ [ 311173.0, 3794925.0 ], [ 311173.0, 3795425.0 ], [ 311673.0, 3795425.0 ], [ 311673.0, 3794925.0 ], [ 311173.0, 3794925.0 ] ] ] } },
{ "type": "Feature", "properties": { "grid_id": 1578, "area_km2": 0.25, "distance_to_bell_m": 2562.520069673993, "distance_to_bell_km": 2.5625200696739929, "final_grid_id": null, "poi_total": 0.0, "final_grid_id_cat": null, "catering": 0.0, "life_service": 0.0, "shopping": 0.0, "poi_density": 0.0, "road_length_m": 2369.7403618653257, "road_density_km_per_km2": 9.4789614474613035, "intersection_count": 0.0, "mean_intersection_degree": 0.0, "intersection_density_n_per_km2": 0.0, "model_fitted": 418.25589518315456, "model_residual": -418.25589518315456 }, "geometry": { "type": "Polygon", "coordinates": [ [ [ 311673.0, 3794925.0 ], [ 311673.0, 3795425.0 ], [ 312173.0, 3795425.0 ], [ 312173.0, 3794925.0 ], [ 311673.0, 3794925.0 ] ] ] } },
{ "type": "Feature", "properties": { "grid_id": 1579, "area_km2": 0.25, "distance_to_bell_m": 2688.5926371311562, "distance_to_bell_km": 2.6885926371311561, "final_grid_id": 1579.0, "poi_total": 333.0, "final_grid_id_cat": 1579.0, "catering": 120.0, "life_service": 83.0, "shopping": 130.0, "poi_density": 1332.0, "road_length_m": 3974.7565904877697, "road_density_km_per_km2": 15.899026361951078, "intersection_count": 5.0, "mean_intersection_degree": 3.4, "intersection_density_n_per_km2": 20.0, "model_fitted": 813.14614895308057, "model_residual": 518.85385104691943 }, "geometry": { "type": "Polygon", "coordinates": [ [ [ 310673.0, 3795425.0 ], [ 310673.0, 3795925.0 ], [ 311173.0, 3795925.0 ], [ 311173.0, 3795425.0 ], [ 310673.0, 3795425.0 ] ] ] } },
{ "type": "Feature", "properties": { "grid_id": 1580, "area_km2": 0.25, "distance_to_bell_m": 2802.4393281487996, "distance_to_bell_km": 2.8024393281487998, "final_grid_id": 1580.0, "poi_total": 130.0, "final_grid_id_cat": 1580.0, "catering": 44.0, "life_service": 46.0, "shopping": 40.0, "poi_density": 520.0, "road_length_m": 2815.27987172757, "road_density_km_per_km2": 11.26111948691028, "intersection_count": 7.0, "mean_intersection_degree": 3.5714285714285716, "intersection_density_n_per_km2": 28.0, "model_fitted": 817.31474745676837, "model_residual": -297.31474745676837 }, "geometry": { "type": "Polygon", "coordinates": [ [ [ 311173.0, 3795425.0 ], [ 311173.0, 3795925.0 ], [ 311673.0, 3795925.0 ], [ 311673.0, 3795425.0 ], [ 311173.0, 3795425.0 ] ] ] } },
{ "type": "Feature", "properties": { "grid_id": 1581, "area_km2": 0.25, "distance_to_bell_m": 3256.3688100388067, "distance_to_bell_km": 3.2563688100388068, "final_grid_id": 1581.0, "poi_total": 1.0, "final_grid_id_cat": 1581.0, "catering": 0.0, "life_service": 1.0, "shopping": 0.0, "poi_density": 4.0, "road_length_m": 2255.3378677801252, "road_density_km_per_km2": 9.0213514711205001, "intersection_count": 3.0, "mean_intersection_degree": 3.0, "intersection_density_n_per_km2": 12.0, "model_fitted": 681.36597970356308, "model_residual": -677.36597970356308 }, "geometry": { "type": "Polygon", "coordinates": [ [ [ 312173.0, 3795425.0 ], [ 312173.0, 3795925.0 ], [ 312673.0, 3795925.0 ], [ 312673.0, 3795425.0 ], [ 312173.0, 3795425.0 ] ] ] } },
{ "type": "Feature", "properties": { "grid_id": 1582, "area_km2": 0.25, "distance_to_bell_m": 2996.4649184454543, "distance_to_bell_km": 2.9964649184454544, "final_grid_id": 1582.0, "poi_total": 1.0, "final_grid_id_cat": 1582.0, "catering": 0.0, "life_service": 1.0, "shopping": 0.0, "poi_density": 4.0, "road_length_m": 0.0, "road_density_km_per_km2": 0.0, "intersection_count": 0.0, "mean_intersection_degree": 0.0, "intersection_density_n_per_km2": 0.0, "model_fitted": 354.70503284994192, "model_residual": -350.70503284994192 }, "geometry": { "type": "Polygon", "coordinates": [ [ [ 311673.0, 3795425.0 ], [ 311673.0, 3795925.0 ], [ 312173.0, 3795925.0 ], [ 312173.0, 3795425.0 ], [ 311673.0, 3795425.0 ] ] ] } },
{ "type": "Feature", "properties": { "grid_id": 1583, "area_km2": 0.25, "distance_to_bell_m": 3184.4659314284054, "distance_to_bell_km": 3.1844659314284054, "final_grid_id": 1583.0, "poi_total": 270.0, "final_grid_id_cat": 1583.0, "catering": 81.0, "life_service": 69.0, "shopping": 120.0, "poi_density": 1080.0, "road_length_m": 5078.0586482742174, "road_density_km_per_km2": 20.312234593096868, "intersection_count": 10.0, "mean_intersection_degree": 3.1, "intersection_density_n_per_km2": 40.0, "model_fitted": 704.05355168808057, "model_residual": 375.94644831191943 }, "geometry": { "type": "Polygon", "coordinates": [ [ [ 310673.0, 3795925.0 ], [ 310673.0, 3796425.0 ], [ 311173.0, 3796425.0 ], [ 311173.0, 3795925.0 ], [ 310673.0, 3795925.0 ] ] ] } },
{ "type": "Feature", "properties": { "grid_id": 1584, "area_km2": 0.25, "distance_to_bell_m": 3676.4426728817452, "distance_to_bell_km": 3.6764426728817452, "final_grid_id": null, "poi_total": 0.0, "final_grid_id_cat": null, "catering": 0.0, "life_service": 0.0, "shopping": 0.0, "poi_density": 0.0, "road_length_m": 0.0, "road_density_km_per_km2": 0.0, "intersection_count": 0.0, "mean_intersection_degree": 0.0, "intersection_density_n_per_km2": 0.0, "model_fitted": 255.12285602685404, "model_residual": -255.12285602685404 }, "geometry": { "type": "Polygon", "coordinates": [ [ [ 312173.0, 3795925.0 ], [ 312173.0, 3796425.0 ], [ 312673.0, 3796425.0 ], [ 312673.0, 3795925.0 ], [ 312173.0, 3795925.0 ] ] ] } },
{ "type": "Feature", "properties": { "grid_id": 2230, "area_km2": 0.25, "distance_to_bell_m": 2890.1769686090461, "distance_to_bell_km": 2.8901769686090462, "final_grid_id": 2230.0, "poi_total": 181.0, "final_grid_id_cat": 2230.0, "catering": 34.0, "life_service": 73.0, "shopping": 74.0, "poi_density": 724.0, "road_length_m": 3484.9704325959856, "road_density_km_per_km2": 13.939881730383942, "intersection_count": 5.0, "mean_intersection_degree": 3.4, "intersection_density_n_per_km2": 20.0, "model_fitted": 783.62429119960598, "model_residual": -59.624291199605977 }, "geometry": { "type": "Polygon", "coordinates": [ [ [ 309173.0, 3795425.0 ], [ 309173.0, 3795925.0 ], [ 309673.0, 3795925.0 ], [ 309673.0, 3795425.0 ], [ 309173.0, 3795425.0 ] ] ] } },
{ "type": "Feature", "properties": { "grid_id": 2231, "area_km2": 0.25, "distance_to_bell_m": 3118.9721208050173, "distance_to_bell_km": 3.1189721208050174, "final_grid_id": 2231.0, "poi_total": 232.0, "final_grid_id_cat": 2231.0, "catering": 60.0, "life_service": 44.0, "shopping": 128.0, "poi_density": 928.0, "road_length_m": 5413.4806458283365, "road_density_km_per_km2": 21.653922583313346, "intersection_count": 6.0, "mean_intersection_degree": 3.5, "intersection_density_n_per_km2": 24.0, "model_fitted": 762.27488656429477, "model_residual": 165.72511343570523 }, "geometry": { "type": "Polygon", "coordinates": [ [ [ 308673.0, 3795425.0 ], [ 308673.0, 3795925.0 ], [ 309173.0, 3795925.0 ], [ 309173.0, 3795425.0 ], [ 308673.0, 3795425.0 ] ] ] } },
{ "type": "Feature", "properties": { "grid_id": 2232, "area_km2": 0.25, "distance_to_bell_m": 3356.3992327895817, "distance_to_bell_km": 3.3563992327895815, "final_grid_id": 2232.0, "poi_total": 100.0, "final_grid_id_cat": 2232.0, "catering": 27.0, "life_service": 35.0, "shopping": 38.0, "poi_density": 400.0, "road_length_m": 3397.4147134252389, "road_density_km_per_km2": 13.589658853700955, "intersection_count": 11.0, "mean_intersection_degree": 3.5454545454545454, "intersection_density_n_per_km2": 44.0, "model_fitted": 733.02999939974961, "model_residual": -333.02999939974961 }, "geometry": { "type": "Polygon", "coordinates": [ [ [ 309173.0, 3795925.0 ], [ 309173.0, 3796425.0 ], [ 309673.0, 3796425.0 ], [ 309673.0, 3795925.0 ], [ 309173.0, 3795925.0 ] ] ] } },
{ "type": "Feature", "properties": { "grid_id": 2233, "area_km2": 0.25, "distance_to_bell_m": 3164.7570916120799, "distance_to_bell_km": 3.16475709161208, "final_grid_id": 2233.0, "poi_total": 170.0, "final_grid_id_cat": 2233.0, "catering": 79.0, "life_service": 47.0, "shopping": 44.0, "poi_density": 680.0, "road_length_m": 4805.4798028971154, "road_density_km_per_km2": 19.22191921158846, "intersection_count": 14.0, "mean_intersection_degree": 3.5, "intersection_density_n_per_km2": 56.0, "model_fitted": 755.56971565391905, "model_residual": -75.569715653919047 }, "geometry": { "type": "Polygon", "coordinates": [ [ [ 310173.0, 3795925.0 ], [ 310173.0, 3796425.0 ], [ 310673.0, 3796425.0 ], [ 310673.0, 3795925.0 ], [ 310173.0, 3795925.0 ] ] ] } },
{ "type": "Feature", "properties": { "grid_id": 2234, "area_km2": 0.25, "distance_to_bell_m": 3555.317143427751, "distance_to_bell_km": 3.5553171434277511, "final_grid_id": 2234.0, "poi_total": 139.0, "final_grid_id_cat": 2234.0, "catering": 11.0, "life_service": 38.0, "shopping": 90.0, "poi_density": 556.0, "road_length_m": 2678.4358606748333, "road_density_km_per_km2": 10.713743442699332, "intersection_count": 3.0, "mean_intersection_degree": 4.0, "intersection_density_n_per_km2": 12.0, "model_fitted": 759.15979671613059, "model_residual": -203.15979671613059 }, "geometry": { "type": "Polygon", "coordinates": [ [ [ 308673.0, 3795925.0 ], [ 308673.0, 3796425.0 ], [ 309173.0, 3796425.0 ], [ 309173.0, 3795925.0 ], [ 308673.0, 3795925.0 ] ] ] } },
{ "type": "Feature", "properties": { "grid_id": 2235, "area_km2": 0.25, "distance_to_bell_m": 3223.4378587758943, "distance_to_bell_km": 3.2234378587758941, "final_grid_id": 2235.0, "poi_total": 172.0, "final_grid_id_cat": 2235.0, "catering": 55.0, "life_service": 52.0, "shopping": 65.0, "poi_density": 688.0, "road_length_m": 3113.5069721162727, "road_density_km_per_km2": 12.45402788846509, "intersection_count": 7.0, "mean_intersection_degree": 3.8571428571428572, "intersection_density_n_per_km2": 28.0, "model_fitted": 790.39544890981665, "model_residual": -102.39544890981665 }, "geometry": { "type": "Polygon", "coordinates": [ [ [ 309673.0, 3795925.0 ], [ 309673.0, 3796425.0 ], [ 310173.0, 3796425.0 ], [ 310173.0, 3795925.0 ], [ 309673.0, 3795925.0 ] ] ] } },
{ "type": "Feature", "properties": { "grid_id": 2236, "area_km2": 0.25, "distance_to_bell_m": 3831.1497895361399, "distance_to_bell_km": 3.8311497895361399, "final_grid_id": 2236.0, "poi_total": 199.0, "final_grid_id_cat": 2236.0, "catering": 66.0, "life_service": 50.0, "shopping": 83.0, "poi_density": 796.0, "road_length_m": 4675.3754896826895, "road_density_km_per_km2": 18.701501958730759, "intersection_count": 12.0, "mean_intersection_degree": 3.5, "intersection_density_n_per_km2": 48.0, "model_fitted": 657.97705906281908, "model_residual": 138.02294093718092 }, "geometry": { "type": "Polygon", "coordinates": [ [ [ 309173.0, 3796425.0 ], [ 309173.0, 3796925.0 ], [ 309673.0, 3796925.0 ], [ 309673.0, 3796425.0 ], [ 309173.0, 3796425.0 ] ] ] } },
{ "type": "Feature", "properties": { "grid_id": 2237, "area_km2": 0.25, "distance_to_bell_m": 3715.2179652588406, "distance_to_bell_km": 3.7152179652588408, "final_grid_id": 2237.0, "poi_total": 200.0, "final_grid_id_cat": 2237.0, "catering": 72.0, "life_service": 61.0, "shopping": 67.0, "poi_density": 800.0, "road_length_m": 3192.6749677924108, "road_density_km_per_km2": 12.770699871169644, "intersection_count": 6.0, "mean_intersection_degree": 4.0, "intersection_density_n_per_km2": 24.0, "model_fitted": 735.74245429594919, "model_residual": 64.257545704050813 }, "geometry": { "type": "Polygon", "coordinates": [ [ [ 309673.0, 3796425.0 ], [ 309673.0, 3796925.0 ], [ 310173.0, 3796925.0 ], [ 310173.0, 3796425.0 ], [ 309673.0, 3796425.0 ] ] ] } },
{ "type": "Feature", "properties": { "grid_id": 2238, "area_km2": 0.25, "distance_to_bell_m": 3664.4208749680033, "distance_to_bell_km": 3.6644208749680032, "final_grid_id": 2238.0, "poi_total": 304.0, "final_grid_id_cat": 2238.0, "catering": 85.0, "life_service": 101.0, "shopping": 118.0, "poi_density": 1216.0, "road_length_m": 3177.9751695288273, "road_density_km_per_km2": 12.71190067811531, "intersection_count": 10.0, "mean_intersection_degree": 3.6, "intersection_density_n_per_km2": 40.0, "model_fitted": 694.55182517768571, "model_residual": 521.44817482231429 }, "geometry": { "type": "Polygon", "coordinates": [ [ [ 310173.0, 3796425.0 ], [ 310173.0, 3796925.0 ], [ 310673.0, 3796925.0 ], [ 310673.0, 3796425.0 ], [ 310173.0, 3796425.0 ] ] ] } },
{ "type": "Feature", "properties": { "grid_id": 2239, "area_km2": 0.25, "distance_to_bell_m": 4006.5662218842185, "distance_to_bell_km": 4.0065662218842188, "final_grid_id": 2239.0, "poi_total": 118.0, "final_grid_id_cat": 2239.0, "catering": 24.0, "life_service": 35.0, "shopping": 59.0, "poi_density": 472.0, "road_length_m": 2730.160958907743, "road_density_km_per_km2": 10.920643835630973, "intersection_count": 5.0, "mean_intersection_degree": 3.6, "intersection_density_n_per_km2": 20.0, "model_fitted": 644.44492357168679, "model_residual": -172.44492357168679 }, "geometry": { "type": "Polygon", "coordinates": [ [ [ 308673.0, 3796425.0 ], [ 308673.0, 3796925.0 ], [ 309173.0, 3796925.0 ], [ 309173.0, 3796425.0 ], [ 308673.0, 3796425.0 ] ] ] } },
{ "type": "Feature", "properties": { "grid_id": 2240, "area_km2": 0.25, "distance_to_bell_m": 3281.1520976552447, "distance_to_bell_km": 3.2811520976552448, "final_grid_id": 2240.0, "poi_total": 190.0, "final_grid_id_cat": 2240.0, "catering": 77.0, "life_service": 48.0, "shopping": 65.0, "poi_density": 760.0, "road_length_m": 2966.6281316430418, "road_density_km_per_km2": 11.866512526572167, "intersection_count": 5.0, "mean_intersection_degree": 3.2, "intersection_density_n_per_km2": 20.0, "model_fitted": 702.05139821630655, "model_residual": 57.948601783693448 }, "geometry": { "type": "Polygon", "coordinates": [ [ [ 311173.0, 3795925.0 ], [ 311173.0, 3796425.0 ], [ 311673.0, 3796425.0 ], [ 311673.0, 3795925.0 ], [ 311173.0, 3795925.0 ] ] ] } },
{ "type": "Feature", "properties": { "grid_id": 2241, "area_km2": 0.25, "distance_to_bell_m": 3448.3466918897007, "distance_to_bell_km": 3.4483466918897006, "final_grid_id": 2241.0, "poi_total": 3.0, "final_grid_id_cat": 2241.0, "catering": 2.0, "life_service": 0.0, "shopping": 1.0, "poi_density": 12.0, "road_length_m": 0.0, "road_density_km_per_km2": 0.0, "intersection_count": 0.0, "mean_intersection_degree": 0.0, "intersection_density_n_per_km2": 0.0, "model_fitted": 288.52732281064743, "model_residual": -276.52732281064743 }, "geometry": { "type": "Polygon", "coordinates": [ [ [ 311673.0, 3795925.0 ], [ 311673.0, 3796425.0 ], [ 312173.0, 3796425.0 ], [ 312173.0, 3795925.0 ], [ 311673.0, 3795925.0 ] ] ] } },
{ "type": "Feature", "properties": { "grid_id": 2242, "area_km2": 0.25, "distance_to_bell_m": 3681.4557132227596, "distance_to_bell_km": 3.6814557132227597, "final_grid_id": 2242.0, "poi_total": 606.0, "final_grid_id_cat": 2242.0, "catering": 192.0, "life_service": 207.0, "shopping": 207.0, "poi_density": 2424.0, "road_length_m": 3965.3866740281323, "road_density_km_per_km2": 15.86154669611253, "intersection_count": 9.0, "mean_intersection_degree": 3.1111111111111112, "intersection_density_n_per_km2": 36.0, "model_fitted": 632.62063968187135, "model_residual": 1791.3793603181286 }, "geometry": { "type": "Polygon", "coordinates": [ [ [ 310673.0, 3796425.0 ], [ 310673.0, 3796925.0 ], [ 311173.0, 3796925.0 ], [ 311173.0, 3796425.0 ], [ 310673.0, 3796425.0 ] ] ] } },
{ "type": "Feature", "properties": { "grid_id": 2243, "area_km2": 0.25, "distance_to_bell_m": 3765.4019689722008, "distance_to_bell_km": 3.7654019689722009, "final_grid_id": 2243.0, "poi_total": 354.0, "final_grid_id_cat": 2243.0, "catering": 149.0, "life_service": 100.0, "shopping": 105.0, "poi_density": 1416.0, "road_length_m": 3991.0603871976941, "road_density_km_per_km2": 15.964241548790776, "intersection_count": 7.0, "mean_intersection_degree": 3.4285714285714284, "intersection_density_n_per_km2": 28.0, "model_fitted": 658.92187615924104, "model_residual": 757.07812384075896 }, "geometry": { "type": "Polygon", "coordinates": [ [ [ 311173.0, 3796425.0 ], [ 311173.0, 3796925.0 ], [ 311673.0, 3796925.0 ], [ 311673.0, 3796425.0 ], [ 311173.0, 3796425.0 ] ] ] } },
{ "type": "Feature", "properties": { "grid_id": 2244, "area_km2": 0.25, "distance_to_bell_m": 4114.4287121030775, "distance_to_bell_km": 4.1144287121030771, "final_grid_id": 2244.0, "poi_total": 1.0, "final_grid_id_cat": 2244.0, "catering": 0.0, "life_service": 1.0, "shopping": 0.0, "poi_density": 4.0, "road_length_m": 0.0, "road_density_km_per_km2": 0.0, "intersection_count": 0.0, "mean_intersection_degree": 0.0, "intersection_density_n_per_km2": 0.0, "model_fitted": 190.98016471198832, "model_residual": -186.98016471198832 }, "geometry": { "type": "Polygon", "coordinates": [ [ [ 312173.0, 3796425.0 ], [ 312173.0, 3796925.0 ], [ 312673.0, 3796925.0 ], [ 312673.0, 3796425.0 ], [ 312173.0, 3796425.0 ] ] ] } },
{ "type": "Feature", "properties": { "grid_id": 2245, "area_km2": 0.25, "distance_to_bell_m": 3911.9544741035725, "distance_to_bell_km": 3.9119544741035726, "final_grid_id": 2245.0, "poi_total": 23.0, "final_grid_id_cat": 2245.0, "catering": 9.0, "life_service": 8.0, "shopping": 6.0, "poi_density": 92.0, "road_length_m": 132.76042798624104, "road_density_km_per_km2": 0.53104171194496419, "intersection_count": 0.0, "mean_intersection_degree": 0.0, "intersection_density_n_per_km2": 0.0, "model_fitted": 220.63234853571043, "model_residual": -128.63234853571043 }, "geometry": { "type": "Polygon", "coordinates": [ [ [ 311673.0, 3796425.0 ], [ 311673.0, 3796925.0 ], [ 312173.0, 3796925.0 ], [ 312173.0, 3796425.0 ], [ 311673.0, 3796425.0 ] ] ] } },
{ "type": "Feature", "properties": { "grid_id": 2246, "area_km2": 0.25, "distance_to_bell_m": 4383.5694026046031, "distance_to_bell_km": 4.3835694026046035, "final_grid_id": 2246.0, "poi_total": 21.0, "final_grid_id_cat": 2246.0, "catering": 9.0, "life_service": 8.0, "shopping": 4.0, "poi_density": 84.0, "road_length_m": 0.0, "road_density_km_per_km2": 0.0, "intersection_count": 0.0, "mean_intersection_degree": 0.0, "intersection_density_n_per_km2": 0.0, "model_fitted": 151.56473434393195, "model_residual": -67.564734343931946 }, "geometry": { "type": "Polygon", "coordinates": [ [ [ 311673.0, 3796925.0 ], [ 311673.0, 3797425.0 ], [ 312173.0, 3797425.0 ], [ 312173.0, 3796925.0 ], [ 311673.0, 3796925.0 ] ] ] } },
{ "type": "Feature", "properties": { "grid_id": 2247, "area_km2": 0.25, "distance_to_bell_m": 4179.1636805003009, "distance_to_bell_km": 4.1791636805003005, "final_grid_id": 2247.0, "poi_total": 520.0, "final_grid_id_cat": 2247.0, "catering": 174.0, "life_service": 188.0, "shopping": 158.0, "poi_density": 2080.0, "road_length_m": 3187.6377876824354, "road_density_km_per_km2": 12.750551150729741, "intersection_count": 4.0, "mean_intersection_degree": 3.5, "intersection_density_n_per_km2": 16.0, "model_fitted": 607.01071405993866, "model_residual": 1472.9892859400613 }, "geometry": { "type": "Polygon", "coordinates": [ [ [ 310673.0, 3796925.0 ], [ 310673.0, 3797425.0 ], [ 311173.0, 3797425.0 ], [ 311173.0, 3796925.0 ], [ 310673.0, 3796925.0 ] ] ] } },
{ "type": "Feature", "properties": { "grid_id": 2248, "area_km2": 0.25, "distance_to_bell_m": 4253.2981188640006, "distance_to_bell_km": 4.2532981188640004, "final_grid_id": 2248.0, "poi_total": 87.0, "final_grid_id_cat": 2248.0, "catering": 27.0, "life_service": 28.0, "shopping": 32.0, "poi_density": 348.0, "road_length_m": 2651.1781838611464, "road_density_km_per_km2": 10.604712735444586, "intersection_count": 4.0, "mean_intersection_degree": 3.5, "intersection_density_n_per_km2": 16.0, "model_fitted": 596.15378719483192, "model_residual": -248.15378719483192 }, "geometry": { "type": "Polygon", "coordinates": [ [ [ 311173.0, 3796925.0 ], [ 311173.0, 3797425.0 ], [ 311673.0, 3797425.0 ], [ 311673.0, 3796925.0 ], [ 311173.0, 3796925.0 ] ] ] } },
{ "type": "Feature", "properties": { "grid_id": 2249, "area_km2": 0.25, "distance_to_bell_m": 4565.1743150695247, "distance_to_bell_km": 4.565174315069525, "final_grid_id": 2249.0, "poi_total": 1.0, "final_grid_id_cat": 2249.0, "catering": 1.0, "life_service": 0.0, "shopping": 0.0, "poi_density": 4.0, "road_length_m": 0.0, "road_density_km_per_km2": 0.0, "intersection_count": 0.0, "mean_intersection_degree": 0.0, "intersection_density_n_per_km2": 0.0, "model_fitted": 124.96884589458773, "model_residual": -120.96884589458773 }, "geometry": { "type": "Polygon", "coordinates": [ [ [ 312173.0, 3796925.0 ], [ 312173.0, 3797425.0 ], [ 312673.0, 3797425.0 ], [ 312673.0, 3796925.0 ], [ 312173.0, 3796925.0 ] ] ] } },
{ "type": "Feature", "properties": { "grid_id": 2250, "area_km2": 0.25, "distance_to_bell_m": 4234.0804280061038, "distance_to_bell_km": 4.234080428006104, "final_grid_id": 2250.0, "poi_total": 76.0, "final_grid_id_cat": 2250.0, "catering": 20.0, "life_service": 30.0, "shopping": 26.0, "poi_density": 304.0, "road_length_m": 2979.8792819257424, "road_density_km_per_km2": 11.919517127702969, "intersection_count": 12.0, "mean_intersection_degree": 3.5, "intersection_density_n_per_km2": 48.0, "model_fitted": 598.96820204393089, "model_residual": -294.96820204393089 }, "geometry": { "type": "Polygon", "coordinates": [ [ [ 308173.0, 3796425.0 ], [ 308173.0, 3796925.0 ], [ 308673.0, 3796925.0 ], [ 308673.0, 3796425.0 ], [ 308173.0, 3796425.0 ] ] ] } },
{ "type": "Feature", "properties": { "grid_id": 2251, "area_km2": 0.25, "distance_to_bell_m": 4505.8075026908464, "distance_to_bell_km": 4.5058075026908462, "final_grid_id": 2251.0, "poi_total": 145.0, "final_grid_id_cat": 2251.0, "catering": 55.0, "life_service": 48.0, "shopping": 42.0, "poi_density": 580.0, "road_length_m": 3076.396609700098, "road_density_km_per_km2": 12.305586438800391, "intersection_count": 7.0, "mean_intersection_degree": 3.8571428571428572, "intersection_density_n_per_km2": 28.0, "model_fitted": 602.59348068401096, "model_residual": -22.593480684010956 }, "geometry": { "type": "Polygon", "coordinates": [ [ [ 307673.0, 3796425.0 ], [ 307673.0, 3796925.0 ], [ 308173.0, 3796925.0 ], [ 308173.0, 3796425.0 ], [ 307673.0, 3796425.0 ] ] ] } },
{ "type": "Feature", "properties": { "grid_id": 2252, "area_km2": 0.25, "distance_to_bell_m": 4814.2668633745152, "distance_to_bell_km": 4.8142668633745149, "final_grid_id": 2252.0, "poi_total": 160.0, "final_grid_id_cat": 2252.0, "catering": 53.0, "life_service": 56.0, "shopping": 51.0, "poi_density": 640.0, "road_length_m": 2752.0306783264728, "road_density_km_per_km2": 11.008122713305891, "intersection_count": 4.0, "mean_intersection_degree": 3.5, "intersection_density_n_per_km2": 16.0, "model_fitted": 514.00038093467833, "model_residual": 125.99961906532167 }, "geometry": { "type": "Polygon", "coordinates": [ [ [ 307173.0, 3796425.0 ], [ 307173.0, 3796925.0 ], [ 307673.0, 3796925.0 ], [ 307673.0, 3796425.0 ], [ 307173.0, 3796425.0 ] ] ] } },
{ "type": "Feature", "properties": { "grid_id": 2254, "area_km2": 0.25, "distance_to_bell_m": 4920.832668491933, "distance_to_bell_km": 4.9208326684919328, "final_grid_id": 2254.0, "poi_total": 3.0, "final_grid_id_cat": 2254.0, "catering": 2.0, "life_service": 1.0, "shopping": 0.0, "poi_density": 12.0, "road_length_m": 4755.7821688358017, "road_density_km_per_km2": 19.023128675343205, "intersection_count": 10.0, "mean_intersection_degree": 3.2, "intersection_density_n_per_km2": 40.0, "model_fitted": 461.9215418009241, "model_residual": -449.9215418009241 }, "geometry": { "type": "Polygon", "coordinates": [ [ [ 307673.0, 3796925.0 ], [ 307673.0, 3797425.0 ], [ 308173.0, 3797425.0 ], [ 308173.0, 3796925.0 ], [ 307673.0, 3796925.0 ] ] ] } },
{ "type": "Feature", "properties": { "grid_id": 2255, "area_km2": 0.25, "distance_to_bell_m": 4673.2996876742955, "distance_to_bell_km": 4.6732996876742954, "final_grid_id": 2255.0, "poi_total": 8.0, "final_grid_id_cat": 2255.0, "catering": 2.0, "life_service": 4.0, "shopping": 2.0, "poi_density": 32.0, "road_length_m": 4344.6411522099315, "road_density_km_per_km2": 17.378564608839728, "intersection_count": 13.0, "mean_intersection_degree": 3.6153846153846154, "intersection_density_n_per_km2": 52.0, "model_fitted": 548.6727395314557, "model_residual": -516.6727395314557 }, "geometry": { "type": "Polygon", "coordinates": [ [ [ 308173.0, 3796925.0 ], [ 308173.0, 3797425.0 ], [ 308673.0, 3797425.0 ], [ 308673.0, 3796925.0 ], [ 308173.0, 3796925.0 ] ] ] } },
{ "type": "Feature", "properties": { "grid_id": 2260, "area_km2": 0.25, "distance_to_bell_m": 4311.6124141503169, "distance_to_bell_km": 4.3116124141503169, "final_grid_id": 2260.0, "poi_total": 105.0, "final_grid_id_cat": 2260.0, "catering": 41.0, "life_service": 29.0, "shopping": 35.0, "poi_density": 420.0, "road_length_m": 3052.9517423043335, "road_density_km_per_km2": 12.211806969217333, "intersection_count": 7.0, "mean_intersection_degree": 3.5714285714285716, "intersection_density_n_per_km2": 28.0, "model_fitted": 596.29760369529697, "model_residual": -176.29760369529697 }, "geometry": { "type": "Polygon", "coordinates": [ [ [ 309173.0, 3796925.0 ], [ 309173.0, 3797425.0 ], [ 309673.0, 3797425.0 ], [ 309673.0, 3796925.0 ], [ 309173.0, 3796925.0 ] ] ] } },
{ "type": "Feature", "properties": { "grid_id": 2261, "area_km2": 0.25, "distance_to_bell_m": 4164.1653724238176, "distance_to_bell_km": 4.1641653724238177, "final_grid_id": 2261.0, "poi_total": 138.0, "final_grid_id_cat": 2261.0, "catering": 30.0, "life_service": 56.0, "shopping": 52.0, "poi_density": 552.0, "road_length_m": 4191.5682397057089, "road_density_km_per_km2": 16.766272958822835, "intersection_count": 10.0, "mean_intersection_degree": 3.6, "intersection_density_n_per_km2": 40.0, "model_fitted": 621.36465899860036, "model_residual": -69.364658998600362 }, "geometry": { "type": "Polygon", "coordinates": [ [ [ 310173.0, 3796925.0 ], [ 310173.0, 3797425.0 ], [ 310673.0, 3797425.0 ], [ 310673.0, 3796925.0 ], [ 310173.0, 3796925.0 ] ] ] } },
{ "type": "Feature", "properties": { "grid_id": 2262, "area_km2": 0.25, "distance_to_bell_m": 4468.2061042812138, "distance_to_bell_km": 4.4682061042812142, "final_grid_id": 2262.0, "poi_total": 100.0, "final_grid_id_cat": 2262.0, "catering": 40.0, "life_service": 31.0, "shopping": 29.0, "poi_density": 400.0, "road_length_m": 3726.1493422262793, "road_density_km_per_km2": 14.904597368905117, "intersection_count": 6.0, "mean_intersection_degree": 3.3333333333333335, "intersection_density_n_per_km2": 24.0, "model_fitted": 544.41826608213898, "model_residual": -144.41826608213898 }, "geometry": { "type": "Polygon", "coordinates": [ [ [ 308673.0, 3796925.0 ], [ 308673.0, 3797425.0 ], [ 309173.0, 3797425.0 ], [ 309173.0, 3796925.0 ], [ 308673.0, 3796925.0 ] ] ] } },
{ "type": "Feature", "properties": { "grid_id": 2263, "area_km2": 0.25, "distance_to_bell_m": 4208.9354270853764, "distance_to_bell_km": 4.2089354270853763, "final_grid_id": 2263.0, "poi_total": 25.0, "final_grid_id_cat": 2263.0, "catering": 4.0, "life_service": 5.0, "shopping": 16.0, "poi_density": 100.0, "road_length_m": 4004.4817168704226, "road_density_km_per_km2": 16.017926867481691, "intersection_count": 11.0, "mean_intersection_degree": 3.6363636363636362, "intersection_density_n_per_km2": 44.0, "model_fitted": 619.22901451033454, "model_residual": -519.22901451033454 }, "geometry": { "type": "Polygon", "coordinates": [ [ [ 309673.0, 3796925.0 ], [ 309673.0, 3797425.0 ], [ 310173.0, 3797425.0 ], [ 310173.0, 3796925.0 ], [ 309673.0, 3796925.0 ] ] ] } },
{ "type": "Feature", "properties": { "grid_id": 2264, "area_km2": 0.25, "distance_to_bell_m": 4796.0707365350072, "distance_to_bell_km": 4.7960707365350075, "final_grid_id": 2264.0, "poi_total": 122.0, "final_grid_id_cat": 2264.0, "catering": 44.0, "life_service": 43.0, "shopping": 35.0, "poi_density": 488.0, "road_length_m": 4573.5574648569282, "road_density_km_per_km2": 18.294229859427713, "intersection_count": 26.0, "mean_intersection_degree": 3.3846153846153846, "intersection_density_n_per_km2": 104.0, "model_fitted": 502.63735567101475, "model_residual": -14.637355671014745 }, "geometry": { "type": "Polygon", "coordinates": [ [ [ 309173.0, 3797425.0 ], [ 309173.0, 3797925.0 ], [ 309673.0, 3797925.0 ], [ 309673.0, 3797425.0 ], [ 309173.0, 3797425.0 ] ] ] } },
{ "type": "Feature", "properties": { "grid_id": 2265, "area_km2": 0.25, "distance_to_bell_m": 4663.9646384686394, "distance_to_bell_km": 4.6639646384686397, "final_grid_id": 2265.0, "poi_total": 103.0, "final_grid_id_cat": 2265.0, "catering": 30.0, "life_service": 34.0, "shopping": 39.0, "poi_density": 412.0, "road_length_m": 4494.3942072935997, "road_density_km_per_km2": 17.977576829174399, "intersection_count": 11.0, "mean_intersection_degree": 3.5454545454545454, "intersection_density_n_per_km2": 44.0, "model_fitted": 541.5381328106281, "model_residual": -129.5381328106281 }, "geometry": { "type": "Polygon", "coordinates": [ [ [ 310173.0, 3797425.0 ], [ 310173.0, 3797925.0 ], [ 310673.0, 3797925.0 ], [ 310673.0, 3797425.0 ], [ 310173.0, 3797425.0 ] ] ] } },
{ "type": "Feature", "properties": { "grid_id": 2266, "area_km2": 0.25, "distance_to_bell_m": 4703.9802645596501, "distance_to_bell_km": 4.7039802645596502, "final_grid_id": 2266.0, "poi_total": 27.0, "final_grid_id_cat": 2266.0, "catering": 11.0, "life_service": 5.0, "shopping": 11.0, "poi_density": 108.0, "road_length_m": 4090.0664639857678, "road_density_km_per_km2": 16.360265855943069, "intersection_count": 12.0, "mean_intersection_degree": 3.6666666666666665, "intersection_density_n_per_km2": 48.0, "model_fitted": 550.41418695869356, "model_residual": -442.41418695869356 }, "geometry": { "type": "Polygon", "coordinates": [ [ [ 309673.0, 3797425.0 ], [ 309673.0, 3797925.0 ], [ 310173.0, 3797925.0 ], [ 310173.0, 3797425.0 ], [ 309673.0, 3797425.0 ] ] ] } },
{ "type": "Feature", "properties": { "grid_id": 2267, "area_km2": 0.25, "distance_to_bell_m": 4937.3230287604447, "distance_to_bell_km": 4.9373230287604448, "final_grid_id": 2267.0, "poi_total": 68.0, "final_grid_id_cat": 2267.0, "catering": 14.0, "life_service": 27.0, "shopping": 27.0, "poi_density": 272.0, "road_length_m": 3057.5076140406895, "road_density_km_per_km2": 12.230030456162758, "intersection_count": 5.0, "mean_intersection_degree": 3.6, "intersection_density_n_per_km2": 20.0, "model_fitted": 508.13636300932046, "model_residual": -236.13636300932046 }, "geometry": { "type": "Polygon", "coordinates": [ [ [ 308673.0, 3797425.0 ], [ 308673.0, 3797925.0 ], [ 309173.0, 3797925.0 ], [ 309173.0, 3797425.0 ], [ 308673.0, 3797425.0 ] ] ] } },
{ "type": "Feature", "properties": { "grid_id": 2270, "area_km2": 0.25, "distance_to_bell_m": 4677.3605771209404, "distance_to_bell_km": 4.6773605771209406, "final_grid_id": 2270.0, "poi_total": 107.0, "final_grid_id_cat": 2270.0, "catering": 36.0, "life_service": 41.0, "shopping": 30.0, "poi_density": 428.0, "road_length_m": 3479.3239908397982, "road_density_km_per_km2": 13.917295963359193, "intersection_count": 4.0, "mean_intersection_degree": 4.0, "intersection_density_n_per_km2": 16.0, "model_fitted": 594.83746868666458, "model_residual": -166.83746868666458 }, "geometry": { "type": "Polygon", "coordinates": [ [ [ 310673.0, 3797425.0 ], [ 310673.0, 3797925.0 ], [ 311173.0, 3797925.0 ], [ 311173.0, 3797425.0 ], [ 310673.0, 3797425.0 ] ] ] } },
{ "type": "Feature", "properties": { "grid_id": 2271, "area_km2": 0.25, "distance_to_bell_m": 4860.8614059077627, "distance_to_bell_km": 4.8608614059077624, "final_grid_id": 2271.0, "poi_total": 19.0, "final_grid_id_cat": 2271.0, "catering": 8.0, "life_service": 4.0, "shopping": 7.0, "poi_density": 76.0, "road_length_m": 927.14649924727837, "road_density_km_per_km2": 3.7085859969891133, "intersection_count": 1.0, "mean_intersection_degree": 3.0, "intersection_density_n_per_km2": 4.0, "model_fitted": 446.38937296792653, "model_residual": -370.38937296792653 }, "geometry": { "type": "Polygon", "coordinates": [ [ [ 311673.0, 3797425.0 ], [ 311673.0, 3797925.0 ], [ 312173.0, 3797925.0 ], [ 312173.0, 3797425.0 ], [ 311673.0, 3797425.0 ] ] ] } },
{ "type": "Feature", "properties": { "grid_id": 2272, "area_km2": 0.25, "distance_to_bell_m": 4743.7156099332478, "distance_to_bell_km": 4.7437156099332478, "final_grid_id": 2272.0, "poi_total": 115.0, "final_grid_id_cat": 2272.0, "catering": 52.0, "life_service": 29.0, "shopping": 34.0, "poi_density": 460.0, "road_length_m": 3023.4876853917303, "road_density_km_per_km2": 12.093950741566921, "intersection_count": 8.0, "mean_intersection_degree": 3.375, "intersection_density_n_per_km2": 32.0, "model_fitted": 509.13573435931966, "model_residual": -49.135734359319656 }, "geometry": { "type": "Polygon", "coordinates": [ [ [ 311173.0, 3797425.0 ], [ 311173.0, 3797925.0 ], [ 311673.0, 3797925.0 ], [ 311673.0, 3797425.0 ], [ 311173.0, 3797425.0 ] ] ] } }
]
}
